/*******************************************************************************
 * Size: 32 px
 * Bpp: 4
 * Opts: --font assets/fonts/NotoSans-SemiBold.ttf -r 0x20-0x7F,0xB0 --size 32 --format lvgl --bpp 4 --no-compress -o main/fonts/notosans_semibold_32.c
 ******************************************************************************/

#ifdef LV_LVGL_H_INCLUDE_SIMPLE
#include "lvgl.h"
#else
#include "lvgl/lvgl.h"
#endif

#ifndef NOTOSANS_SEMIBOLD_32
#define NOTOSANS_SEMIBOLD_32 1
#endif

#if NOTOSANS_SEMIBOLD_32

/*-----------------
 *    BITMAPS
 *----------------*/

/*Store the image of the glyphs*/
static LV_ATTRIBUTE_LARGE_CONST const uint8_t glyph_bitmap[] = {
    /* U+0020 " " */

    /* U+0021 "!" */
    0xe, 0xff, 0xfc, 0xd, 0xff, 0xfb, 0xc, 0xff,
    0xfa, 0xc, 0xff, 0xf9, 0xb, 0xff, 0xf8, 0xa,
    0xff, 0xf8, 0x9, 0xff, 0xf7, 0x8, 0xff, 0xf6,
    0x8, 0xff, 0xf5, 0x7, 0xff, 0xf5, 0x6, 0xff,
    0xf4, 0x5, 0xff, 0xf3, 0x4, 0xff, 0xf2, 0x4,
    0xff, 0xf1, 0x3, 0xff, 0xf1, 0x2, 0xff, 0xf0,
    0x0, 0x22, 0x20, 0x0, 0x0, 0x0, 0x4, 0xef,
    0xd2, 0xe, 0xff, 0xfb, 0xf, 0xff, 0xfd, 0xe,
    0xff, 0xfb, 0x4, 0xdf, 0xc2,

    /* U+0022 "\"" */
    0xff, 0xff, 0x0, 0x8f, 0xff, 0x6d, 0xff, 0xe0,
    0x6, 0xff, 0xf5, 0xcf, 0xfd, 0x0, 0x5f, 0xff,
    0x4b, 0xff, 0xc0, 0x4, 0xff, 0xf3, 0xaf, 0xfa,
    0x0, 0x3f, 0xff, 0x19, 0xff, 0x90, 0x2, 0xff,
    0xf0, 0x7f, 0xf8, 0x0, 0xf, 0xff, 0x6, 0xff,
    0x70, 0x0, 0xff, 0xe0, 0x26, 0x62, 0x0, 0x6,
    0x65, 0x0,

    /* U+0023 "#" */
    0x0, 0x0, 0x0, 0x6, 0xff, 0x90, 0x0, 0xbf,
    0xf2, 0x0, 0x0, 0x0, 0x0, 0x9, 0xff, 0x60,
    0x0, 0xef, 0xf0, 0x0, 0x0, 0x0, 0x0, 0xc,
    0xff, 0x30, 0x2, 0xff, 0xc0, 0x0, 0x0, 0x0,
    0x0, 0xf, 0xff, 0x0, 0x5, 0xff, 0x90, 0x0,
    0x0, 0x0, 0x0, 0x3f, 0xfc, 0x0, 0x8, 0xff,
    0x60, 0x0, 0x0, 0x0, 0x0, 0x6f, 0xf9, 0x0,
    0xb, 0xff, 0x30, 0x0, 0x1, 0xee, 0xee, 0xff,
    0xfe, 0xee, 0xef, 0xff, 0xee, 0xec, 0x1, 0xff,
    0xff, 0xff, 0xff, 0xff, 0xff, 0xff, 0xff, 0xfe,
    0x1, 0xff, 0xff, 0xff, 0xff, 0xff, 0xff, 0xff,
    0xff, 0xfe, 0x0, 0x0, 0x2, 0xff, 0xc0, 0x0,
    0x8f, 0xf6, 0x0, 0x0, 0x0, 0x0, 0x5, 0xff,
    0x90, 0x0, 0xcf, 0xf3, 0x0, 0x0, 0x0, 0x0,
    0x8, 0xff, 0x60, 0x0, 0xff, 0xf0, 0x0, 0x0,
    0x0, 0x0, 0xb, 0xff, 0x30, 0x2, 0xff, 0xd0,
    0x0, 0x0, 0x3d, 0xdd, 0xdf, 0xff, 0xdd, 0xde,
    0xff, 0xfd, 0xdd, 0xb0, 0x4f, 0xff, 0xff, 0xff,
    0xff, 0xff, 0xff, 0xff, 0xff, 0xd0, 0x4f, 0xff,
    0xff, 0xff, 0xff, 0xff, 0xff, 0xff, 0xff, 0xd0,
    0x0, 0x0, 0x8f, 0xf7, 0x0, 0xe, 0xff, 0x0,
    0x0, 0x0, 0x0, 0x0, 0xaf, 0xf4, 0x0, 0x1f,
    0xfd, 0x0, 0x0, 0x0, 0x0, 0x0, 0xdf, 0xf1,
    0x0, 0x4f, 0xfb, 0x0, 0x0, 0x0, 0x0, 0x0,
    0xff, 0xf0, 0x0, 0x7f, 0xf8, 0x0, 0x0, 0x0,
    0x0, 0x3, 0xff, 0xc0, 0x0, 0xaf, 0xf5, 0x0,
    0x0, 0x0, 0x0, 0x5, 0xff, 0x90, 0x0, 0xcf,
    0xf2, 0x0, 0x0, 0x0, 0x0, 0x8, 0xff, 0x60,
    0x0, 0xff, 0xf0, 0x0, 0x0, 0x0,

    /* U+0024 "$" */
    0x0, 0x0, 0x0, 0xe, 0xf3, 0x0, 0x0, 0x0,
    0x0, 0x0, 0x0, 0xe, 0xf3, 0x0, 0x0, 0x0,
    0x0, 0x0, 0x2, 0x4e, 0xf7, 0x42, 0x0, 0x0,
    0x0, 0x8, 0xef, 0xff, 0xff, 0xff, 0xfb, 0x60,
    0x1, 0xdf, 0xff, 0xff, 0xff, 0xff, 0xff, 0xf2,
    0xb, 0xff, 0xff, 0xff, 0xff, 0xff, 0xff, 0xb0,
    0x2f, 0xff, 0xf8, 0x1e, 0xf3, 0x15, 0x9e, 0x50,
    0x5f, 0xff, 0xa0, 0xe, 0xf3, 0x0, 0x0, 0x0,
    0x6f, 0xff, 0xa0, 0xe, 0xf3, 0x0, 0x0, 0x0,
    0x3f, 0xff, 0xf4, 0xe, 0xf3, 0x0, 0x0, 0x0,
    0xd, 0xff, 0xff, 0xbf, 0xf3, 0x0, 0x0, 0x0,
    0x3, 0xff, 0xff, 0xff, 0xf9, 0x30, 0x0, 0x0,
    0x0, 0x3d, 0xff, 0xff, 0xff, 0xfc, 0x50, 0x0,
    0x0, 0x0, 0x6d, 0xff, 0xff, 0xff, 0xfb, 0x10,
    0x0, 0x0, 0x0, 0x4f, 0xff, 0xff, 0xff, 0xd0,
    0x0, 0x0, 0x0, 0xe, 0xf8, 0xcf, 0xff, 0xf7,
    0x0, 0x0, 0x0, 0xe, 0xf3, 0x9, 0xff, 0xfc,
    0x0, 0x0, 0x0, 0xe, 0xf3, 0x2, 0xff, 0xfd,
    0x33, 0x0, 0x0, 0xe, 0xf3, 0x4, 0xff, 0xfc,
    0x6f, 0xd8, 0x41, 0xe, 0xf5, 0x7e, 0xff, 0xf7,
    0x6f, 0xff, 0xff, 0xff, 0xff, 0xff, 0xff, 0xd0,
    0x6f, 0xff, 0xff, 0xff, 0xff, 0xff, 0xfd, 0x20,
    0x6, 0xbf, 0xff, 0xff, 0xff, 0xfc, 0x60, 0x0,
    0x0, 0x0, 0x23, 0x4e, 0xf5, 0x0, 0x0, 0x0,
    0x0, 0x0, 0x0, 0xe, 0xf3, 0x0, 0x0, 0x0,
    0x0, 0x0, 0x0, 0xe, 0xf3, 0x0, 0x0, 0x0,
    0x0, 0x0, 0x0, 0x9, 0xa2, 0x0, 0x0, 0x0,

    /* U+0025 "%" */
    0x0, 0x3b, 0xff, 0xd8, 0x0, 0x0, 0x0, 0x0,
    0x9, 0xff, 0xa0, 0x0, 0x0, 0x4, 0xff, 0xff,
    0xff, 0xd1, 0x0, 0x0, 0x0, 0x2f, 0xff, 0x20,
    0x0, 0x0, 0xe, 0xff, 0xec, 0xff, 0xf9, 0x0,
    0x0, 0x0, 0xbf, 0xf9, 0x0, 0x0, 0x0, 0x5f,
    0xff, 0x10, 0x6f, 0xff, 0x10, 0x0, 0x4, 0xff,
    0xf1, 0x0, 0x0, 0x0, 0x9f, 0xfa, 0x0, 0xf,
    0xff, 0x50, 0x0, 0xd, 0xff, 0x70, 0x0, 0x0,
    0x0, 0xbf, 0xf7, 0x0, 0xc, 0xff, 0x70, 0x0,
    0x6f, 0xfe, 0x0, 0x0, 0x0, 0x0, 0xcf, 0xf6,
    0x0, 0xb, 0xff, 0x80, 0x0, 0xef, 0xf5, 0x0,
    0x0, 0x0, 0x0, 0xcf, 0xf7, 0x0, 0xb, 0xff,
    0x80, 0x7, 0xff, 0xd0, 0x0, 0x0, 0x0, 0x0,
    0xbf, 0xf8, 0x0, 0xd, 0xff, 0x70, 0x1f, 0xff,
    0x40, 0x5a, 0xcb, 0x60, 0x0, 0x8f, 0xfb, 0x0,
    0xf, 0xff, 0x40, 0x9f, 0xfb, 0xb, 0xff, 0xff,
    0xfc, 0x0, 0x3f, 0xff, 0x40, 0x9f, 0xff, 0x2,
    0xff, 0xf2, 0x7f, 0xff, 0xff, 0xff, 0xa0, 0xb,
    0xff, 0xff, 0xff, 0xf7, 0xa, 0xff, 0x90, 0xef,
    0xf9, 0x5, 0xff, 0xf2, 0x1, 0xdf, 0xff, 0xff,
    0xa0, 0x3f, 0xff, 0x13, 0xff, 0xf1, 0x0, 0xcf,
    0xf7, 0x0, 0x6, 0xab, 0xa5, 0x0, 0xcf, 0xf8,
    0x6, 0xff, 0xd0, 0x0, 0x9f, 0xfa, 0x0, 0x0,
    0x0, 0x0, 0x5, 0xff, 0xe0, 0x7, 0xff, 0xc0,
    0x0, 0x7f, 0xfc, 0x0, 0x0, 0x0, 0x0, 0xd,
    0xff, 0x60, 0x8, 0xff, 0xb0, 0x0, 0x6f, 0xfc,
    0x0, 0x0, 0x0, 0x0, 0x6f, 0xfd, 0x0, 0x7,
    0xff, 0xb0, 0x0, 0x7f, 0xfc, 0x0, 0x0, 0x0,
    0x1, 0xef, 0xf5, 0x0, 0x6, 0xff, 0xd0, 0x0,
    0x8f, 0xfb, 0x0, 0x0, 0x0, 0x8, 0xff, 0xc0,
    0x0, 0x3, 0xff, 0xf0, 0x0, 0xbf, 0xf8, 0x0,
    0x0, 0x0, 0x1f, 0xff, 0x30, 0x0, 0x0, 0xef,
    0xf6, 0x2, 0xff, 0xf3, 0x0, 0x0, 0x0, 0xaf,
    0xfa, 0x0, 0x0, 0x0, 0x7f, 0xff, 0xcf, 0xff,
    0xc0, 0x0, 0x0, 0x3, 0xff, 0xf2, 0x0, 0x0,
    0x0, 0xc, 0xff, 0xff, 0xff, 0x30, 0x0, 0x0,
    0xb, 0xff, 0x80, 0x0, 0x0, 0x0, 0x0, 0x8e,
    0xfe, 0xa2, 0x0,

    /* U+0026 "&" */
    0x0, 0x0, 0x6, 0xbe, 0xff, 0xd9, 0x30, 0x0,
    0x0, 0x0, 0x0, 0x0, 0x0, 0x2d, 0xff, 0xff,
    0xff, 0xff, 0x70, 0x0, 0x0, 0x0, 0x0, 0x0,
    0xd, 0xff, 0xff, 0xff, 0xff, 0xff, 0x50, 0x0,
    0x0, 0x0, 0x0, 0x5, 0xff, 0xff, 0x73, 0x4c,
    0xff, 0xfc, 0x0, 0x0, 0x0, 0x0, 0x0, 0x8f,
    0xff, 0x60, 0x0, 0xf, 0xff, 0xe0, 0x0, 0x0,
    0x0, 0x0, 0x8, 0xff, 0xf4, 0x0, 0x0, 0xef,
    0xfe, 0x0, 0x0, 0x0, 0x0, 0x0, 0x5f, 0xff,
    0x80, 0x0, 0x4f, 0xff, 0xa0, 0x0, 0x0, 0x0,
    0x0, 0x0, 0xef, 0xff, 0x20, 0x4f, 0xff, 0xf3,
    0x0, 0x0, 0x0, 0x0, 0x0, 0x6, 0xff, 0xfd,
    0xaf, 0xff, 0xf6, 0x0, 0x0, 0x0, 0x0, 0x0,
    0x0, 0xa, 0xff, 0xff, 0xff, 0xe4, 0x0, 0x0,
    0x0, 0x0, 0x0, 0x0, 0x1, 0x9f, 0xff, 0xff,
    0xb1, 0x0, 0x0, 0x1, 0x22, 0x21, 0x0, 0x3,
    0xef, 0xff, 0xff, 0xff, 0x30, 0x0, 0x0, 0xbf,
    0xff, 0x70, 0x2, 0xff, 0xff, 0xd9, 0xff, 0xff,
    0x40, 0x0, 0x1f, 0xff, 0xf2, 0x0, 0xdf, 0xff,
    0xc0, 0x8, 0xff, 0xff, 0x40, 0x7, 0xff, 0xfb,
    0x0, 0x4f, 0xff, 0xf1, 0x0, 0x8, 0xff, 0xff,
    0x50, 0xef, 0xff, 0x40, 0x7, 0xff, 0xfb, 0x0,
    0x0, 0x8, 0xff, 0xff, 0xbf, 0xff, 0xd0, 0x0,
    0x8f, 0xff, 0xa0, 0x0, 0x0, 0x8, 0xff, 0xff,
    0xff, 0xf3, 0x0, 0x8, 0xff, 0xfe, 0x0, 0x0,
    0x0, 0x8, 0xff, 0xff, 0xf8, 0x0, 0x0, 0x4f,
    0xff, 0xfa, 0x0, 0x0, 0x1, 0x9f, 0xff, 0xff,
    0x70, 0x0, 0x0, 0xef, 0xff, 0xfe, 0x98, 0x9b,
    0xff, 0xff, 0xff, 0xff, 0x70, 0x0, 0x4, 0xff,
    0xff, 0xff, 0xff, 0xff, 0xff, 0xfd, 0xff, 0xff,
    0x60, 0x0, 0x4, 0xef, 0xff, 0xff, 0xff, 0xff,
    0xd4, 0xb, 0xff, 0xff, 0x50, 0x0, 0x0, 0x6a,
    0xdf, 0xff, 0xd9, 0x40, 0x0, 0xc, 0xff, 0xff,
    0x40,

    /* U+0027 "'" */
    0xff, 0xff, 0xd, 0xff, 0xe0, 0xcf, 0xfd, 0xb,
    0xff, 0xc0, 0xaf, 0xfa, 0x9, 0xff, 0x90, 0x7f,
    0xf8, 0x6, 0xff, 0x70, 0x26, 0x62, 0x0,

    /* U+0028 "(" */
    0x0, 0x0, 0x6f, 0xff, 0x20, 0x0, 0x2f, 0xff,
    0x70, 0x0, 0xb, 0xff, 0xd0, 0x0, 0x4, 0xff,
    0xf5, 0x0, 0x0, 0xcf, 0xfe, 0x0, 0x0, 0x2f,
    0xff, 0x80, 0x0, 0x8, 0xff, 0xf2, 0x0, 0x0,
    0xdf, 0xfe, 0x0, 0x0, 0x1f, 0xff, 0xa0, 0x0,
    0x4, 0xff, 0xf6, 0x0, 0x0, 0x7f, 0xff, 0x30,
    0x0, 0x9, 0xff, 0xf1, 0x0, 0x0, 0xaf, 0xff,
    0x0, 0x0, 0xb, 0xff, 0xf0, 0x0, 0x0, 0xbf,
    0xff, 0x0, 0x0, 0xb, 0xff, 0xf0, 0x0, 0x0,
    0xaf, 0xff, 0x0, 0x0, 0x8, 0xff, 0xf2, 0x0,
    0x0, 0x6f, 0xff, 0x50, 0x0, 0x3, 0xff, 0xf8,
    0x0, 0x0, 0xf, 0xff, 0xb0, 0x0, 0x0, 0xbf,
    0xff, 0x0, 0x0, 0x6, 0xff, 0xf5, 0x0, 0x0,
    0xf, 0xff, 0xb0, 0x0, 0x0, 0x8f, 0xff, 0x20,
    0x0, 0x1, 0xff, 0xf9, 0x0, 0x0, 0x6, 0xff,
    0xf2, 0x0, 0x0, 0xb, 0xff, 0xb0, 0x0, 0x0,
    0x17, 0x77, 0x10,

    /* U+0029 ")" */
    0xb, 0xff, 0xc0, 0x0, 0x0, 0x1, 0xff, 0xf7,
    0x0, 0x0, 0x0, 0x7f, 0xff, 0x20, 0x0, 0x0,
    0xe, 0xff, 0xa0, 0x0, 0x0, 0x8, 0xff, 0xf2,
    0x0, 0x0, 0x2, 0xff, 0xf8, 0x0, 0x0, 0x0,
    0xcf, 0xfe, 0x0, 0x0, 0x0, 0x7f, 0xff, 0x30,
    0x0, 0x0, 0x3f, 0xff, 0x70, 0x0, 0x0, 0xf,
    0xff, 0xa0, 0x0, 0x0, 0xd, 0xff, 0xd0, 0x0,
    0x0, 0xb, 0xff, 0xf0, 0x0, 0x0, 0xa, 0xff,
    0xf0, 0x0, 0x0, 0x9, 0xff, 0xf1, 0x0, 0x0,
    0x9, 0xff, 0xf1, 0x0, 0x0, 0x9, 0xff, 0xf1,
    0x0, 0x0, 0xa, 0xff, 0xf0, 0x0, 0x0, 0xc,
    0xff, 0xe0, 0x0, 0x0, 0xe, 0xff, 0xc0, 0x0,
    0x0, 0x1f, 0xff, 0x90, 0x0, 0x0, 0x5f, 0xff,
    0x50, 0x0, 0x0, 0xaf, 0xff, 0x10, 0x0, 0x0,
    0xef, 0xfc, 0x0, 0x0, 0x5, 0xff, 0xf6, 0x0,
    0x0, 0xc, 0xff, 0xe0, 0x0, 0x0, 0x3f, 0xff,
    0x60, 0x0, 0x0, 0xcf, 0xfc, 0x0, 0x0, 0x6,
    0xff, 0xf2, 0x0, 0x0, 0x6, 0x77, 0x40, 0x0,
    0x0,

    /* U+002A "*" */
    0x0, 0x0, 0x2, 0xff, 0xf8, 0x0, 0x0, 0x0,
    0x0, 0x0, 0x0, 0xff, 0xf6, 0x0, 0x0, 0x0,
    0x0, 0x0, 0x0, 0xef, 0xf4, 0x0, 0x0, 0x0,
    0x0, 0x0, 0x0, 0xdf, 0xf3, 0x0, 0x0, 0x0,
    0x46, 0x20, 0x0, 0xbf, 0xf1, 0x0, 0x4, 0x80,
    0x8f, 0xfd, 0x94, 0xaf, 0xf2, 0x7b, 0xff, 0xf0,
    0xbf, 0xff, 0xff, 0xff, 0xff, 0xff, 0xff, 0xf2,
    0xdf, 0xff, 0xff, 0xff, 0xff, 0xff, 0xff, 0xf4,
    0x0, 0x23, 0x4c, 0xff, 0xff, 0x64, 0x31, 0x0,
    0x0, 0x0, 0x4f, 0xff, 0xff, 0xa0, 0x0, 0x0,
    0x0, 0x1, 0xef, 0xf6, 0xff, 0xf6, 0x0, 0x0,
    0x0, 0xb, 0xff, 0xe0, 0x8f, 0xff, 0x20, 0x0,
    0x0, 0x6f, 0xff, 0x70, 0x1f, 0xff, 0xd0, 0x0,
    0x0, 0x7f, 0xff, 0x10, 0x9, 0xff, 0xc2, 0x0,
    0x0, 0x1, 0x99, 0x0, 0x1, 0xd5, 0x0, 0x0,
    0x0, 0x0, 0x0, 0x0, 0x0, 0x0, 0x0, 0x0,

    /* U+002B "+" */
    0x0, 0x0, 0x0, 0x5d, 0xd8, 0x0, 0x0, 0x0,
    0x0, 0x0, 0x0, 0x6f, 0xfa, 0x0, 0x0, 0x0,
    0x0, 0x0, 0x0, 0x6f, 0xfa, 0x0, 0x0, 0x0,
    0x0, 0x0, 0x0, 0x6f, 0xfa, 0x0, 0x0, 0x0,
    0x0, 0x0, 0x0, 0x6f, 0xfa, 0x0, 0x0, 0x0,
    0x0, 0x0, 0x0, 0x6f, 0xfa, 0x0, 0x0, 0x0,
    0x0, 0x0, 0x0, 0x6f, 0xfa, 0x0, 0x0, 0x0,
    0x8f, 0xff, 0xff, 0xff, 0xff, 0xff, 0xff, 0xfc,
    0x8f, 0xff, 0xff, 0xff, 0xff, 0xff, 0xff, 0xfc,
    0x8f, 0xff, 0xff, 0xff, 0xff, 0xff, 0xff, 0xfc,
    0x0, 0x0, 0x0, 0x6f, 0xfa, 0x0, 0x0, 0x0,
    0x0, 0x0, 0x0, 0x6f, 0xfa, 0x0, 0x0, 0x0,
    0x0, 0x0, 0x0, 0x6f, 0xfa, 0x0, 0x0, 0x0,
    0x0, 0x0, 0x0, 0x6f, 0xfa, 0x0, 0x0, 0x0,
    0x0, 0x0, 0x0, 0x6f, 0xfa, 0x0, 0x0, 0x0,
    0x0, 0x0, 0x0, 0x6f, 0xfa, 0x0, 0x0, 0x0,

    /* U+002C "," */
    0x6, 0xff, 0xfa, 0x8, 0xff, 0xf7, 0xb, 0xff,
    0xf2, 0xe, 0xff, 0xc0, 0x1f, 0xff, 0x70, 0x5f,
    0xff, 0x10, 0x8f, 0xfa, 0x0, 0xcf, 0xf3, 0x0,

    /* U+002D "-" */
    0x67, 0x77, 0x77, 0x77, 0x1f, 0xff, 0xff, 0xff,
    0xf3, 0xff, 0xff, 0xff, 0xff, 0x3f, 0xff, 0xff,
    0xff, 0xf3,

    /* U+002E "." */
    0x0, 0x0, 0x0, 0x4, 0xef, 0xd2, 0xe, 0xff,
    0xfb, 0xf, 0xff, 0xfd, 0xe, 0xff, 0xfb, 0x4,
    0xdf, 0xc2,

    /* U+002F "/" */
    0x0, 0x0, 0x0, 0x0, 0x6f, 0xff, 0x50, 0x0,
    0x0, 0x0, 0xc, 0xff, 0xf0, 0x0, 0x0, 0x0,
    0x2, 0xff, 0xfa, 0x0, 0x0, 0x0, 0x0, 0x8f,
    0xff, 0x40, 0x0, 0x0, 0x0, 0xe, 0xff, 0xe0,
    0x0, 0x0, 0x0, 0x4, 0xff, 0xf8, 0x0, 0x0,
    0x0, 0x0, 0xaf, 0xff, 0x20, 0x0, 0x0, 0x0,
    0xf, 0xff, 0xc0, 0x0, 0x0, 0x0, 0x6, 0xff,
    0xf6, 0x0, 0x0, 0x0, 0x0, 0xcf, 0xff, 0x10,
    0x0, 0x0, 0x0, 0x2f, 0xff, 0xa0, 0x0, 0x0,
    0x0, 0x7, 0xff, 0xf4, 0x0, 0x0, 0x0, 0x0,
    0xdf, 0xfe, 0x0, 0x0, 0x0, 0x0, 0x3f, 0xff,
    0x80, 0x0, 0x0, 0x0, 0x9, 0xff, 0xf2, 0x0,
    0x0, 0x0, 0x0, 0xff, 0xfd, 0x0, 0x0, 0x0,
    0x0, 0x5f, 0xff, 0x70, 0x0, 0x0, 0x0, 0xb,
    0xff, 0xf1, 0x0, 0x0, 0x0, 0x1, 0xff, 0xfb,
    0x0, 0x0, 0x0, 0x0, 0x7f, 0xff, 0x50, 0x0,
    0x0, 0x0, 0xd, 0xff, 0xe0, 0x0, 0x0, 0x0,
    0x3, 0xff, 0xf9, 0x0, 0x0, 0x0, 0x0, 0x9f,
    0xff, 0x30, 0x0, 0x0, 0x0, 0x0,

    /* U+0030 "0" */
    0x0, 0x0, 0x3a, 0xdf, 0xfe, 0xa4, 0x0, 0x0,
    0x0, 0x9, 0xff, 0xff, 0xff, 0xff, 0xa0, 0x0,
    0x0, 0x8f, 0xff, 0xff, 0xff, 0xff, 0xfa, 0x0,
    0x2, 0xff, 0xff, 0xd7, 0x6b, 0xff, 0xff, 0x50,
    0xa, 0xff, 0xfc, 0x0, 0x0, 0x8f, 0xff, 0xc0,
    0xf, 0xff, 0xf2, 0x0, 0x0, 0xe, 0xff, 0xf2,
    0x3f, 0xff, 0xd0, 0x0, 0x0, 0x9, 0xff, 0xf6,
    0x6f, 0xff, 0xa0, 0x0, 0x0, 0x6, 0xff, 0xfa,
    0x8f, 0xff, 0x80, 0x0, 0x0, 0x4, 0xff, 0xfc,
    0x9f, 0xff, 0x60, 0x0, 0x0, 0x2, 0xff, 0xfe,
    0xaf, 0xff, 0x60, 0x0, 0x0, 0x2, 0xff, 0xfe,
    0xbf, 0xff, 0x60, 0x0, 0x0, 0x1, 0xff, 0xff,
    0xaf, 0xff, 0x60, 0x0, 0x0, 0x2, 0xff, 0xfe,
    0x9f, 0xff, 0x60, 0x0, 0x0, 0x2, 0xff, 0xfe,
    0x8f, 0xff, 0x80, 0x0, 0x0, 0x4, 0xff, 0xfc,
    0x6f, 0xff, 0xa0, 0x0, 0x0, 0x6, 0xff, 0xfa,
    0x2f, 0xff, 0xd0, 0x0, 0x0, 0x9, 0xff, 0xf7,
    0xe, 0xff, 0xf2, 0x0, 0x0, 0xe, 0xff, 0xf3,
    0x8, 0xff, 0xfb, 0x0, 0x0, 0x8f, 0xff, 0xe0,
    0x1, 0xff, 0xff, 0xd7, 0x6b, 0xff, 0xff, 0x60,
    0x0, 0x6f, 0xff, 0xff, 0xff, 0xff, 0xfb, 0x0,
    0x0, 0x7, 0xff, 0xff, 0xff, 0xff, 0xb0, 0x0,
    0x0, 0x0, 0x29, 0xdf, 0xfe, 0xb5, 0x0, 0x0,

    /* U+0031 "1" */
    0x0, 0x0, 0x0, 0x7f, 0xff, 0x80, 0x0, 0x0,
    0xaf, 0xff, 0xf8, 0x0, 0x2, 0xdf, 0xff, 0xff,
    0x80, 0x4, 0xff, 0xff, 0xff, 0xf8, 0x7, 0xff,
    0xff, 0xcf, 0xff, 0x88, 0xff, 0xff, 0x57, 0xff,
    0xf8, 0x1e, 0xfe, 0x30, 0x7f, 0xff, 0x80, 0x3c,
    0x10, 0x8, 0xff, 0xf8, 0x0, 0x0, 0x0, 0x8f,
    0xff, 0x80, 0x0, 0x0, 0x8, 0xff, 0xf8, 0x0,
    0x0, 0x0, 0x8f, 0xff, 0x80, 0x0, 0x0, 0x8,
    0xff, 0xf8, 0x0, 0x0, 0x0, 0x8f, 0xff, 0x80,
    0x0, 0x0, 0x8, 0xff, 0xf8, 0x0, 0x0, 0x0,
    0x8f, 0xff, 0x80, 0x0, 0x0, 0x8, 0xff, 0xf8,
    0x0, 0x0, 0x0, 0x8f, 0xff, 0x80, 0x0, 0x0,
    0x8, 0xff, 0xf8, 0x0, 0x0, 0x0, 0x8f, 0xff,
    0x80, 0x0, 0x0, 0x8, 0xff, 0xf8, 0x0, 0x0,
    0x0, 0x8f, 0xff, 0x80, 0x0, 0x0, 0x8, 0xff,
    0xf8, 0x0, 0x0, 0x0, 0x8f, 0xff, 0x80,

    /* U+0032 "2" */
    0x0, 0x0, 0x6b, 0xef, 0xfe, 0xb6, 0x0, 0x0,
    0x0, 0x6, 0xff, 0xff, 0xff, 0xff, 0xfd, 0x30,
    0x0, 0x1b, 0xff, 0xff, 0xff, 0xff, 0xff, 0xfe,
    0x20, 0x3, 0xff, 0xff, 0xfa, 0x88, 0xcf, 0xff,
    0xfa, 0x0, 0x6, 0xff, 0x70, 0x0, 0x0, 0x8f,
    0xff, 0xf0, 0x0, 0x7, 0x20, 0x0, 0x0, 0x0,
    0xff, 0xff, 0x30, 0x0, 0x0, 0x0, 0x0, 0x0,
    0xd, 0xff, 0xf3, 0x0, 0x0, 0x0, 0x0, 0x0,
    0x0, 0xef, 0xff, 0x20, 0x0, 0x0, 0x0, 0x0,
    0x0, 0x2f, 0xff, 0xe0, 0x0, 0x0, 0x0, 0x0,
    0x0, 0xa, 0xff, 0xf8, 0x0, 0x0, 0x0, 0x0,
    0x0, 0x6, 0xff, 0xfe, 0x0, 0x0, 0x0, 0x0,
    0x0, 0x4, 0xff, 0xff, 0x40, 0x0, 0x0, 0x0,
    0x0, 0x3, 0xff, 0xff, 0x70, 0x0, 0x0, 0x0,
    0x0, 0x3, 0xef, 0xff, 0x70, 0x0, 0x0, 0x0,
    0x0, 0x3, 0xef, 0xff, 0x80, 0x0, 0x0, 0x0,
    0x0, 0x3, 0xef, 0xff, 0x70, 0x0, 0x0, 0x0,
    0x0, 0x3, 0xef, 0xff, 0x60, 0x0, 0x0, 0x0,
    0x0, 0x3, 0xef, 0xff, 0x60, 0x0, 0x0, 0x0,
    0x0, 0x3, 0xff, 0xff, 0x50, 0x0, 0x0, 0x0,
    0x0, 0x3, 0xff, 0xff, 0xea, 0xaa, 0xaa, 0xaa,
    0xaa, 0xa0, 0xaf, 0xff, 0xff, 0xff, 0xff, 0xff,
    0xff, 0xff, 0xa, 0xff, 0xff, 0xff, 0xff, 0xff,
    0xff, 0xff, 0xf0, 0xaf, 0xff, 0xff, 0xff, 0xff,
    0xff, 0xff, 0xff, 0x0,

    /* U+0033 "3" */
    0x0, 0x5, 0xad, 0xff, 0xfe, 0xb7, 0x10, 0x0,
    0x6, 0xef, 0xff, 0xff, 0xff, 0xff, 0xf5, 0x0,
    0x6f, 0xff, 0xff, 0xff, 0xff, 0xff, 0xff, 0x40,
    0xc, 0xff, 0xea, 0x76, 0x7b, 0xff, 0xff, 0xd0,
    0x1, 0xb4, 0x0, 0x0, 0x0, 0x6f, 0xff, 0xf1,
    0x0, 0x0, 0x0, 0x0, 0x0, 0xf, 0xff, 0xf1,
    0x0, 0x0, 0x0, 0x0, 0x0, 0xf, 0xff, 0xf0,
    0x0, 0x0, 0x0, 0x0, 0x0, 0x6f, 0xff, 0x90,
    0x0, 0x0, 0x0, 0x1, 0x49, 0xff, 0xfc, 0x0,
    0x0, 0x3, 0xff, 0xff, 0xff, 0xff, 0x80, 0x0,
    0x0, 0x3, 0xff, 0xff, 0xff, 0xd5, 0x0, 0x0,
    0x0, 0x3, 0xff, 0xff, 0xff, 0xff, 0xf7, 0x0,
    0x0, 0x0, 0x44, 0x56, 0x8d, 0xff, 0xff, 0xa0,
    0x0, 0x0, 0x0, 0x0, 0x0, 0x6f, 0xff, 0xf4,
    0x0, 0x0, 0x0, 0x0, 0x0, 0xa, 0xff, 0xfa,
    0x0, 0x0, 0x0, 0x0, 0x0, 0x7, 0xff, 0xfc,
    0x0, 0x0, 0x0, 0x0, 0x0, 0x8, 0xff, 0xfc,
    0x0, 0x0, 0x0, 0x0, 0x0, 0xd, 0xff, 0xfa,
    0x85, 0x0, 0x0, 0x0, 0x0, 0x8f, 0xff, 0xf5,
    0xbf, 0xfb, 0x86, 0x56, 0x8d, 0xff, 0xff, 0xd0,
    0xbf, 0xff, 0xff, 0xff, 0xff, 0xff, 0xff, 0x30,
    0x9f, 0xff, 0xff, 0xff, 0xff, 0xff, 0xc2, 0x0,
    0x3, 0x7b, 0xdf, 0xff, 0xec, 0x93, 0x0, 0x0,

    /* U+0034 "4" */
    0x0, 0x0, 0x0, 0x0, 0x0, 0x7f, 0xff, 0xc0,
    0x0, 0x0, 0x0, 0x0, 0x0, 0x2, 0xff, 0xff,
    0xc0, 0x0, 0x0, 0x0, 0x0, 0x0, 0xd, 0xff,
    0xff, 0xc0, 0x0, 0x0, 0x0, 0x0, 0x0, 0x8f,
    0xff, 0xff, 0xc0, 0x0, 0x0, 0x0, 0x0, 0x3,
    0xff, 0xdf, 0xff, 0xc0, 0x0, 0x0, 0x0, 0x0,
    0xd, 0xff, 0x6f, 0xff, 0xc0, 0x0, 0x0, 0x0,
    0x0, 0x9f, 0xfb, 0x2f, 0xff, 0xc0, 0x0, 0x0,
    0x0, 0x4, 0xff, 0xf1, 0x3f, 0xff, 0xc0, 0x0,
    0x0, 0x0, 0x1e, 0xff, 0x60, 0x3f, 0xff, 0xc0,
    0x0, 0x0, 0x0, 0xaf, 0xfb, 0x0, 0x3f, 0xff,
    0xc0, 0x0, 0x0, 0x5, 0xff, 0xf1, 0x0, 0x3f,
    0xff, 0xc0, 0x0, 0x0, 0x1e, 0xff, 0x60, 0x0,
    0x3f, 0xff, 0xc0, 0x0, 0x0, 0xbf, 0xfb, 0x0,
    0x0, 0x3f, 0xff, 0xc0, 0x0, 0x6, 0xff, 0xf1,
    0x0, 0x0, 0x3f, 0xff, 0xc0, 0x0, 0x2f, 0xff,
    0xa5, 0x55, 0x55, 0x8f, 0xff, 0xd5, 0x54, 0x6f,
    0xff, 0xff, 0xff, 0xff, 0xff, 0xff, 0xff, 0xfb,
    0x6f, 0xff, 0xff, 0xff, 0xff, 0xff, 0xff, 0xff,
    0xfb, 0x6f, 0xff, 0xff, 0xff, 0xff, 0xff, 0xff,
    0xff, 0xfb, 0x0, 0x0, 0x0, 0x0, 0x0, 0x3f,
    0xff, 0xc0, 0x0, 0x0, 0x0, 0x0, 0x0, 0x0,
    0x3f, 0xff, 0xc0, 0x0, 0x0, 0x0, 0x0, 0x0,
    0x0, 0x3f, 0xff, 0xc0, 0x0, 0x0, 0x0, 0x0,
    0x0, 0x0, 0x3f, 0xff, 0xc0, 0x0, 0x0, 0x0,
    0x0, 0x0, 0x0, 0x3f, 0xff, 0xc0, 0x0,

    /* U+0035 "5" */
    0x0, 0xff, 0xff, 0xff, 0xff, 0xff, 0xff, 0x10,
    0x0, 0xff, 0xff, 0xff, 0xff, 0xff, 0xff, 0x10,
    0x2, 0xff, 0xff, 0xff, 0xff, 0xff, 0xff, 0x10,
    0x3, 0xff, 0xfd, 0x99, 0x99, 0x99, 0x99, 0x10,
    0x4, 0xff, 0xf8, 0x0, 0x0, 0x0, 0x0, 0x0,
    0x5, 0xff, 0xf6, 0x0, 0x0, 0x0, 0x0, 0x0,
    0x7, 0xff, 0xf5, 0x0, 0x0, 0x0, 0x0, 0x0,
    0x8, 0xff, 0xf3, 0x0, 0x0, 0x0, 0x0, 0x0,
    0x9, 0xff, 0xfc, 0xef, 0xfe, 0xb7, 0x10, 0x0,
    0xa, 0xff, 0xff, 0xff, 0xff, 0xff, 0xe4, 0x0,
    0xc, 0xff, 0xff, 0xff, 0xff, 0xff, 0xff, 0x40,
    0x1, 0xac, 0x97, 0x66, 0x9e, 0xff, 0xff, 0xe0,
    0x0, 0x0, 0x0, 0x0, 0x0, 0x8f, 0xff, 0xf5,
    0x0, 0x0, 0x0, 0x0, 0x0, 0xd, 0xff, 0xf9,
    0x0, 0x0, 0x0, 0x0, 0x0, 0x8, 0xff, 0xfa,
    0x0, 0x0, 0x0, 0x0, 0x0, 0x7, 0xff, 0xfa,
    0x0, 0x0, 0x0, 0x0, 0x0, 0x8, 0xff, 0xf9,
    0x0, 0x0, 0x0, 0x0, 0x0, 0xd, 0xff, 0xf6,
    0x38, 0x20, 0x0, 0x0, 0x0, 0xaf, 0xff, 0xf1,
    0x4f, 0xfe, 0xa8, 0x67, 0x9e, 0xff, 0xff, 0x80,
    0x4f, 0xff, 0xff, 0xff, 0xff, 0xff, 0xfb, 0x0,
    0x3f, 0xff, 0xff, 0xff, 0xff, 0xff, 0x80, 0x0,
    0x1, 0x7b, 0xdf, 0xff, 0xeb, 0x71, 0x0, 0x0,

    /* U+0036 "6" */
    0x0, 0x0, 0x0, 0x27, 0xbe, 0xff, 0xfe, 0x50,
    0x0, 0x0, 0x1, 0xaf, 0xff, 0xff, 0xff, 0xf6,
    0x0, 0x0, 0x2, 0xef, 0xff, 0xff, 0xff, 0xff,
    0x60, 0x0, 0x1, 0xef, 0xff, 0xfb, 0x75, 0x45,
    0x63, 0x0, 0x0, 0xbf, 0xff, 0xb2, 0x0, 0x0,
    0x0, 0x0, 0x0, 0x4f, 0xff, 0xb0, 0x0, 0x0,
    0x0, 0x0, 0x0, 0xa, 0xff, 0xf2, 0x0, 0x0,
    0x0, 0x0, 0x0, 0x0, 0xff, 0xfb, 0x0, 0x2,
    0x32, 0x0, 0x0, 0x0, 0x3f, 0xff, 0x70, 0x8e,
    0xff, 0xff, 0x91, 0x0, 0x5, 0xff, 0xf5, 0xcf,
    0xff, 0xff, 0xff, 0xe2, 0x0, 0x7f, 0xff, 0xdf,
    0xff, 0xff, 0xff, 0xff, 0xd0, 0x9, 0xff, 0xff,
    0xf7, 0x20, 0x17, 0xff, 0xff, 0x70, 0x9f, 0xff,
    0xf4, 0x0, 0x0, 0x8, 0xff, 0xfc, 0x9, 0xff,
    0xfa, 0x0, 0x0, 0x0, 0x1f, 0xff, 0xf0, 0x9f,
    0xff, 0x70, 0x0, 0x0, 0x0, 0xef, 0xff, 0x17,
    0xff, 0xf8, 0x0, 0x0, 0x0, 0xe, 0xff, 0xf1,
    0x4f, 0xff, 0xb0, 0x0, 0x0, 0x0, 0xff, 0xff,
    0x0, 0xff, 0xff, 0x20, 0x0, 0x0, 0x4f, 0xff,
    0xc0, 0xa, 0xff, 0xfc, 0x10, 0x0, 0x1d, 0xff,
    0xf8, 0x0, 0x2f, 0xff, 0xfe, 0x76, 0x8e, 0xff,
    0xff, 0x10, 0x0, 0x5f, 0xff, 0xff, 0xff, 0xff,
    0xff, 0x50, 0x0, 0x0, 0x5e, 0xff, 0xff, 0xff,
    0xff, 0x50, 0x0, 0x0, 0x0, 0x17, 0xce, 0xff,
    0xc8, 0x10, 0x0, 0x0,

    /* U+0037 "7" */
    0xff, 0xff, 0xff, 0xff, 0xff, 0xff, 0xff, 0xff,
    0x1f, 0xff, 0xff, 0xff, 0xff, 0xff, 0xff, 0xff,
    0xf1, 0xff, 0xff, 0xff, 0xff, 0xff, 0xff, 0xff,
    0xff, 0x8, 0x99, 0x99, 0x99, 0x99, 0x99, 0xbf,
    0xff, 0xb0, 0x0, 0x0, 0x0, 0x0, 0x0, 0xb,
    0xff, 0xf4, 0x0, 0x0, 0x0, 0x0, 0x0, 0x2,
    0xff, 0xfd, 0x0, 0x0, 0x0, 0x0, 0x0, 0x0,
    0x9f, 0xff, 0x60, 0x0, 0x0, 0x0, 0x0, 0x0,
    0x1f, 0xff, 0xe0, 0x0, 0x0, 0x0, 0x0, 0x0,
    0x8, 0xff, 0xf8, 0x0, 0x0, 0x0, 0x0, 0x0,
    0x0, 0xef, 0xff, 0x10, 0x0, 0x0, 0x0, 0x0,
    0x0, 0x7f, 0xff, 0xa0, 0x0, 0x0, 0x0, 0x0,
    0x0, 0xe, 0xff, 0xf3, 0x0, 0x0, 0x0, 0x0,
    0x0, 0x5, 0xff, 0xfc, 0x0, 0x0, 0x0, 0x0,
    0x0, 0x0, 0xcf, 0xff, 0x50, 0x0, 0x0, 0x0,
    0x0, 0x0, 0x4f, 0xff, 0xe0, 0x0, 0x0, 0x0,
    0x0, 0x0, 0xb, 0xff, 0xf7, 0x0, 0x0, 0x0,
    0x0, 0x0, 0x3, 0xff, 0xff, 0x10, 0x0, 0x0,
    0x0, 0x0, 0x0, 0xaf, 0xff, 0x90, 0x0, 0x0,
    0x0, 0x0, 0x0, 0x1f, 0xff, 0xf2, 0x0, 0x0,
    0x0, 0x0, 0x0, 0x8, 0xff, 0xfb, 0x0, 0x0,
    0x0, 0x0, 0x0, 0x1, 0xff, 0xff, 0x40, 0x0,
    0x0, 0x0, 0x0, 0x0, 0x7f, 0xff, 0xd0, 0x0,
    0x0, 0x0, 0x0, 0x0, 0xe, 0xff, 0xf6, 0x0,
    0x0, 0x0, 0x0, 0x0,

    /* U+0038 "8" */
    0x0, 0x0, 0x5a, 0xdf, 0xfe, 0xc7, 0x10, 0x0,
    0x0, 0x2d, 0xff, 0xff, 0xff, 0xff, 0xf6, 0x0,
    0x2, 0xef, 0xff, 0xff, 0xff, 0xff, 0xff, 0x50,
    0xa, 0xff, 0xfe, 0x62, 0x25, 0xcf, 0xff, 0xe0,
    0xe, 0xff, 0xf3, 0x0, 0x0, 0xe, 0xff, 0xf2,
    0xf, 0xff, 0xe0, 0x0, 0x0, 0xa, 0xff, 0xf3,
    0xd, 0xff, 0xf0, 0x0, 0x0, 0xb, 0xff, 0xf2,
    0x9, 0xff, 0xf8, 0x0, 0x0, 0x3f, 0xff, 0xc0,
    0x1, 0xef, 0xff, 0xa1, 0x6, 0xff, 0xff, 0x30,
    0x0, 0x3e, 0xff, 0xff, 0xef, 0xff, 0xe4, 0x0,
    0x0, 0x2, 0xcf, 0xff, 0xff, 0xfa, 0x10, 0x0,
    0x0, 0x4, 0xdf, 0xff, 0xff, 0xfe, 0x50, 0x0,
    0x0, 0x8f, 0xff, 0xfc, 0xef, 0xff, 0xfa, 0x0,
    0x8, 0xff, 0xfe, 0x40, 0x6, 0xff, 0xff, 0xb0,
    0x2f, 0xff, 0xe1, 0x0, 0x0, 0x1d, 0xff, 0xf6,
    0x8f, 0xff, 0x50, 0x0, 0x0, 0x2, 0xff, 0xfc,
    0xbf, 0xff, 0x20, 0x0, 0x0, 0x0, 0xef, 0xff,
    0xbf, 0xff, 0x30, 0x0, 0x0, 0x0, 0xef, 0xff,
    0x8f, 0xff, 0xb0, 0x0, 0x0, 0x6, 0xff, 0xfc,
    0x2f, 0xff, 0xfc, 0x52, 0x24, 0x9f, 0xff, 0xf5,
    0x8, 0xff, 0xff, 0xff, 0xff, 0xff, 0xff, 0xb0,
    0x0, 0x7f, 0xff, 0xff, 0xff, 0xff, 0xf9, 0x0,
    0x0, 0x1, 0x7b, 0xef, 0xfe, 0xc8, 0x20, 0x0,

    /* U+0039 "9" */
    0x0, 0x0, 0x6b, 0xef, 0xfd, 0x92, 0x0, 0x0,
    0x0, 0x3d, 0xff, 0xff, 0xff, 0xff, 0x80, 0x0,
    0x3, 0xff, 0xff, 0xff, 0xff, 0xff, 0xfa, 0x0,
    0xc, 0xff, 0xff, 0xa7, 0x7b, 0xff, 0xff, 0x60,
    0x4f, 0xff, 0xf3, 0x0, 0x0, 0x6f, 0xff, 0xe0,
    0x8f, 0xff, 0x80, 0x0, 0x0, 0xb, 0xff, 0xf5,
    0xbf, 0xff, 0x40, 0x0, 0x0, 0x4, 0xff, 0xf9,
    0xbf, 0xff, 0x30, 0x0, 0x0, 0x2, 0xff, 0xfc,
    0xbf, 0xff, 0x50, 0x0, 0x0, 0x3, 0xff, 0xfe,
    0x8f, 0xff, 0xb0, 0x0, 0x0, 0xc, 0xff, 0xff,
    0x3f, 0xff, 0xfa, 0x20, 0x4, 0xcf, 0xff, 0xff,
    0xb, 0xff, 0xff, 0xff, 0xff, 0xfd, 0xff, 0xfe,
    0x1, 0xdf, 0xff, 0xff, 0xff, 0xf2, 0xff, 0xfd,
    0x0, 0x7, 0xef, 0xff, 0xfb, 0x21, 0xff, 0xfb,
    0x0, 0x0, 0x1, 0x32, 0x0, 0x4, 0xff, 0xf8,
    0x0, 0x0, 0x0, 0x0, 0x0, 0x9, 0xff, 0xf4,
    0x0, 0x0, 0x0, 0x0, 0x0, 0x1f, 0xff, 0xe0,
    0x0, 0x0, 0x0, 0x0, 0x0, 0xaf, 0xff, 0x80,
    0x0, 0x0, 0x0, 0x0, 0x1a, 0xff, 0xff, 0x10,
    0x1, 0x86, 0x45, 0x7a, 0xff, 0xff, 0xf5, 0x0,
    0x2, 0xff, 0xff, 0xff, 0xff, 0xff, 0x60, 0x0,
    0x2, 0xff, 0xff, 0xff, 0xff, 0xd4, 0x0, 0x0,
    0x1, 0xdf, 0xff, 0xec, 0x94, 0x0, 0x0, 0x0,

    /* U+003A ":" */
    0x4, 0xdf, 0xc2, 0xe, 0xff, 0xfb, 0xf, 0xff,
    0xfd, 0xe, 0xff, 0xfb, 0x4, 0xef, 0xd3, 0x0,
    0x1, 0x0, 0x0, 0x0, 0x0, 0x0, 0x0, 0x0,
    0x0, 0x0, 0x0, 0x0, 0x0, 0x0, 0x0, 0x0,
    0x0, 0x0, 0x0, 0x0, 0x0, 0x0, 0x0, 0x4,
    0xef, 0xd2, 0xe, 0xff, 0xfb, 0xf, 0xff, 0xfd,
    0xe, 0xff, 0xfb, 0x4, 0xdf, 0xc2,

    /* U+003B ";" */
    0x0, 0x3d, 0xfc, 0x20, 0xd, 0xff, 0xfb, 0x0,
    0xff, 0xff, 0xd0, 0xe, 0xff, 0xfb, 0x0, 0x4e,
    0xfd, 0x20, 0x0, 0x0, 0x0, 0x0, 0x0, 0x0,
    0x0, 0x0, 0x0, 0x0, 0x0, 0x0, 0x0, 0x0,
    0x0, 0x0, 0x0, 0x0, 0x0, 0x0, 0x0, 0x0,
    0x0, 0x0, 0x0, 0x0, 0x0, 0x0, 0x0, 0x0,
    0x0, 0x0, 0x7f, 0xff, 0x90, 0xa, 0xff, 0xf6,
    0x0, 0xdf, 0xff, 0x10, 0xf, 0xff, 0xb0, 0x3,
    0xff, 0xf5, 0x0, 0x7f, 0xfe, 0x0, 0xa, 0xff,
    0x90, 0x0, 0xef, 0xf2, 0x0,

    /* U+003C "<" */
    0x0, 0x0, 0x0, 0x0, 0x0, 0x0, 0x0, 0x0,
    0x0, 0x0, 0x0, 0x0, 0x0, 0x0, 0x1, 0x8c,
    0x0, 0x0, 0x0, 0x0, 0x0, 0x1, 0x8f, 0xfc,
    0x0, 0x0, 0x0, 0x0, 0x0, 0x7e, 0xff, 0xfc,
    0x0, 0x0, 0x0, 0x0, 0x7e, 0xff, 0xff, 0xc4,
    0x0, 0x0, 0x0, 0x7e, 0xff, 0xff, 0xb4, 0x0,
    0x0, 0x0, 0x6e, 0xff, 0xff, 0xa3, 0x0, 0x0,
    0x0, 0x6e, 0xff, 0xff, 0xa2, 0x0, 0x0, 0x0,
    0x4d, 0xff, 0xff, 0x92, 0x0, 0x0, 0x0, 0x0,
    0x8f, 0xff, 0xe3, 0x0, 0x0, 0x0, 0x0, 0x0,
    0x6f, 0xff, 0xff, 0xb4, 0x0, 0x0, 0x0, 0x0,
    0x2, 0x9f, 0xff, 0xff, 0xd7, 0x10, 0x0, 0x0,
    0x0, 0x1, 0x7e, 0xff, 0xff, 0xf9, 0x20, 0x0,
    0x0, 0x0, 0x0, 0x6d, 0xff, 0xff, 0xfc, 0x50,
    0x0, 0x0, 0x0, 0x0, 0x4b, 0xff, 0xff, 0xfb,
    0x0, 0x0, 0x0, 0x0, 0x0, 0x3a, 0xff, 0xfc,
    0x0, 0x0, 0x0, 0x0, 0x0, 0x0, 0x18, 0xfc,
    0x0, 0x0, 0x0, 0x0, 0x0, 0x0, 0x0, 0x5,

    /* U+003D "=" */
    0x0, 0x0, 0x0, 0x0, 0x0, 0x0, 0x0, 0x0,
    0x7f, 0xff, 0xff, 0xff, 0xff, 0xff, 0xff, 0xfb,
    0x7f, 0xff, 0xff, 0xff, 0xff, 0xff, 0xff, 0xfb,
    0x7f, 0xff, 0xff, 0xff, 0xff, 0xff, 0xff, 0xfb,
    0x0, 0x0, 0x0, 0x0, 0x0, 0x0, 0x0, 0x0,
    0x0, 0x0, 0x0, 0x0, 0x0, 0x0, 0x0, 0x0,
    0x0, 0x0, 0x0, 0x0, 0x0, 0x0, 0x0, 0x0,
    0x7f, 0xff, 0xff, 0xff, 0xff, 0xff, 0xff, 0xfb,
    0x7f, 0xff, 0xff, 0xff, 0xff, 0xff, 0xff, 0xfb,
    0x7f, 0xff, 0xff, 0xff, 0xff, 0xff, 0xff, 0xfb,

    /* U+003E ">" */
    0x0, 0x0, 0x0, 0x0, 0x0, 0x0, 0x0, 0x0,
    0x8a, 0x20, 0x0, 0x0, 0x0, 0x0, 0x0, 0x0,
    0x8f, 0xfa, 0x20, 0x0, 0x0, 0x0, 0x0, 0x0,
    0x8f, 0xff, 0xf9, 0x20, 0x0, 0x0, 0x0, 0x0,
    0x2a, 0xff, 0xff, 0xf9, 0x10, 0x0, 0x0, 0x0,
    0x0, 0x29, 0xff, 0xff, 0xf9, 0x10, 0x0, 0x0,
    0x0, 0x0, 0x19, 0xff, 0xff, 0xf8, 0x10, 0x0,
    0x0, 0x0, 0x0, 0x18, 0xff, 0xff, 0xf8, 0x10,
    0x0, 0x0, 0x0, 0x0, 0x17, 0xef, 0xff, 0xf7,
    0x0, 0x0, 0x0, 0x0, 0x0, 0x1c, 0xff, 0xfc,
    0x0, 0x0, 0x0, 0x0, 0x29, 0xff, 0xff, 0xfa,
    0x0, 0x0, 0x0, 0x4b, 0xff, 0xff, 0xfb, 0x30,
    0x0, 0x1, 0x7e, 0xff, 0xff, 0xf9, 0x20, 0x0,
    0x3, 0xaf, 0xff, 0xff, 0xe8, 0x10, 0x0, 0x0,
    0x7f, 0xff, 0xff, 0xd6, 0x0, 0x0, 0x0, 0x0,
    0x8f, 0xff, 0xc4, 0x0, 0x0, 0x0, 0x0, 0x0,
    0x8f, 0xa3, 0x0, 0x0, 0x0, 0x0, 0x0, 0x0,
    0x32, 0x0, 0x0, 0x0, 0x0, 0x0, 0x0, 0x0,

    /* U+003F "?" */
    0x0, 0x28, 0xbe, 0xff, 0xec, 0x71, 0x0, 0x4,
    0xcf, 0xff, 0xff, 0xff, 0xff, 0xe4, 0x0, 0x7f,
    0xff, 0xff, 0xff, 0xff, 0xff, 0xf2, 0x0, 0xef,
    0xfc, 0x87, 0x7a, 0xff, 0xff, 0xa0, 0x6, 0x71,
    0x0, 0x0, 0x4, 0xff, 0xfe, 0x0, 0x0, 0x0,
    0x0, 0x0, 0xd, 0xff, 0xf0, 0x0, 0x0, 0x0,
    0x0, 0x0, 0xef, 0xfe, 0x0, 0x0, 0x0, 0x0,
    0x0, 0x4f, 0xff, 0xa0, 0x0, 0x0, 0x0, 0x0,
    0x4f, 0xff, 0xf2, 0x0, 0x0, 0x0, 0x0, 0x8f,
    0xff, 0xf5, 0x0, 0x0, 0x0, 0x0, 0xbf, 0xff,
    0xf4, 0x0, 0x0, 0x0, 0x0, 0x9f, 0xff, 0xd2,
    0x0, 0x0, 0x0, 0x0, 0x2f, 0xff, 0xc0, 0x0,
    0x0, 0x0, 0x0, 0x5, 0xff, 0xf1, 0x0, 0x0,
    0x0, 0x0, 0x0, 0x7f, 0xfc, 0x0, 0x0, 0x0,
    0x0, 0x0, 0x4, 0x99, 0x60, 0x0, 0x0, 0x0,
    0x0, 0x0, 0x0, 0x0, 0x0, 0x0, 0x0, 0x0,
    0x0, 0x0, 0x0, 0x0, 0x0, 0x0, 0x0, 0x0,
    0x0, 0x6e, 0xfc, 0x10, 0x0, 0x0, 0x0, 0x0,
    0x1f, 0xff, 0xf9, 0x0, 0x0, 0x0, 0x0, 0x2,
    0xff, 0xff, 0xb0, 0x0, 0x0, 0x0, 0x0, 0xf,
    0xff, 0xf9, 0x0, 0x0, 0x0, 0x0, 0x0, 0x5e,
    0xfb, 0x10, 0x0, 0x0, 0x0,

    /* U+0040 "@" */
    0x0, 0x0, 0x0, 0x0, 0x4, 0x9c, 0xef, 0xff,
    0xda, 0x61, 0x0, 0x0, 0x0, 0x0, 0x0, 0x0,
    0x0, 0x7e, 0xff, 0xff, 0xff, 0xff, 0xff, 0xfa,
    0x10, 0x0, 0x0, 0x0, 0x0, 0x3, 0xdf, 0xff,
    0xff, 0xcb, 0xbb, 0xdf, 0xff, 0xff, 0x50, 0x0,
    0x0, 0x0, 0x5, 0xff, 0xff, 0x93, 0x0, 0x0,
    0x0, 0x17, 0xef, 0xff, 0x60, 0x0, 0x0, 0x4,
    0xff, 0xfb, 0x10, 0x0, 0x0, 0x0, 0x0, 0x0,
    0xaf, 0xff, 0x30, 0x0, 0x1, 0xef, 0xf9, 0x0,
    0x2, 0x9d, 0xff, 0xfd, 0xa6, 0x10, 0xaf, 0xfd,
    0x0, 0x0, 0xaf, 0xfb, 0x0, 0x7, 0xff, 0xff,
    0xff, 0xff, 0xf5, 0x0, 0xdf, 0xf4, 0x0, 0x2f,
    0xff, 0x20, 0x6, 0xff, 0xfe, 0xaa, 0xbf, 0xff,
    0x40, 0x6, 0xff, 0xa0, 0x8, 0xff, 0x90, 0x1,
    0xff, 0xfa, 0x0, 0x0, 0xef, 0xf3, 0x0, 0x1f,
    0xfe, 0x0, 0xdf, 0xf3, 0x0, 0x8f, 0xfd, 0x0,
    0x0, 0xf, 0xff, 0x20, 0x0, 0xef, 0xf0, 0x1f,
    0xff, 0x0, 0xd, 0xff, 0x70, 0x0, 0x0, 0xff,
    0xf2, 0x0, 0xd, 0xff, 0x14, 0xff, 0xc0, 0x0,
    0xff, 0xf3, 0x0, 0x0, 0x1f, 0xff, 0x10, 0x0,
    0xdf, 0xf1, 0x5f, 0xfb, 0x0, 0xf, 0xff, 0x20,
    0x0, 0x3, 0xff, 0xf0, 0x0, 0xf, 0xff, 0x5,
    0xff, 0xa0, 0x0, 0xff, 0xf4, 0x0, 0x0, 0x6f,
    0xff, 0x0, 0x3, 0xff, 0xc0, 0x5f, 0xfb, 0x0,
    0xc, 0xff, 0x80, 0x0, 0xc, 0xff, 0xf1, 0x0,
    0x9f, 0xf7, 0x3, 0xff, 0xd0, 0x0, 0x7f, 0xff,
    0x60, 0x18, 0xff, 0xff, 0x80, 0x5f, 0xff, 0x10,
    0x1f, 0xff, 0x10, 0x0, 0xdf, 0xff, 0xff, 0xff,
    0x7e, 0xff, 0xff, 0xff, 0x60, 0x0, 0xcf, 0xf6,
    0x0, 0x2, 0xdf, 0xff, 0xff, 0x70, 0x4f, 0xff,
    0xff, 0x70, 0x0, 0x7, 0xff, 0xe0, 0x0, 0x0,
    0x48, 0x97, 0x20, 0x0, 0x17, 0x97, 0x20, 0x0,
    0x0, 0xe, 0xff, 0xa0, 0x0, 0x0, 0x0, 0x0,
    0x0, 0x0, 0x0, 0x0, 0x0, 0x0, 0x0, 0x5f,
    0xff, 0xa1, 0x0, 0x0, 0x0, 0x0, 0x0, 0x0,
    0x0, 0x0, 0x0, 0x0, 0x0, 0x8f, 0xff, 0xe7,
    0x20, 0x0, 0x0, 0x1, 0x59, 0xe4, 0x0, 0x0,
    0x0, 0x0, 0x0, 0x7f, 0xff, 0xff, 0xec, 0xbb,
    0xce, 0xff, 0xff, 0x40, 0x0, 0x0, 0x0, 0x0,
    0x0, 0x2a, 0xff, 0xff, 0xff, 0xff, 0xff, 0xff,
    0xd2, 0x0, 0x0, 0x0, 0x0, 0x0, 0x0, 0x1,
    0x6a, 0xdf, 0xff, 0xfd, 0xb7, 0x30, 0x0, 0x0,
    0x0, 0x0,

    /* U+0041 "A" */
    0x0, 0x0, 0x0, 0x0, 0xcf, 0xff, 0xf4, 0x0,
    0x0, 0x0, 0x0, 0x0, 0x0, 0x0, 0x2, 0xff,
    0xff, 0xfa, 0x0, 0x0, 0x0, 0x0, 0x0, 0x0,
    0x0, 0x8, 0xff, 0xff, 0xff, 0x0, 0x0, 0x0,
    0x0, 0x0, 0x0, 0x0, 0xe, 0xff, 0xef, 0xff,
    0x50, 0x0, 0x0, 0x0, 0x0, 0x0, 0x0, 0x4f,
    0xff, 0x7f, 0xff, 0xb0, 0x0, 0x0, 0x0, 0x0,
    0x0, 0x0, 0x9f, 0xff, 0x2b, 0xff, 0xf1, 0x0,
    0x0, 0x0, 0x0, 0x0, 0x0, 0xff, 0xfe, 0x6,
    0xff, 0xf7, 0x0, 0x0, 0x0, 0x0, 0x0, 0x5,
    0xff, 0xfa, 0x1, 0xff, 0xfd, 0x0, 0x0, 0x0,
    0x0, 0x0, 0xb, 0xff, 0xf4, 0x0, 0xcf, 0xff,
    0x30, 0x0, 0x0, 0x0, 0x0, 0x1f, 0xff, 0xe0,
    0x0, 0x6f, 0xff, 0x80, 0x0, 0x0, 0x0, 0x0,
    0x7f, 0xff, 0x90, 0x0, 0x1f, 0xff, 0xe0, 0x0,
    0x0, 0x0, 0x0, 0xcf, 0xff, 0x30, 0x0, 0xb,
    0xff, 0xf4, 0x0, 0x0, 0x0, 0x2, 0xff, 0xfe,
    0x0, 0x0, 0x6, 0xff, 0xfa, 0x0, 0x0, 0x0,
    0x8, 0xff, 0xfd, 0x99, 0x99, 0x9a, 0xff, 0xff,
    0x0, 0x0, 0x0, 0xe, 0xff, 0xff, 0xff, 0xff,
    0xff, 0xff, 0xff, 0x60, 0x0, 0x0, 0x4f, 0xff,
    0xff, 0xff, 0xff, 0xff, 0xff, 0xff, 0xb0, 0x0,
    0x0, 0xaf, 0xff, 0xff, 0xff, 0xff, 0xff, 0xff,
    0xff, 0xf1, 0x0, 0x0, 0xff, 0xff, 0x50, 0x0,
    0x0, 0x0, 0xe, 0xff, 0xf7, 0x0, 0x5, 0xff,
    0xff, 0x0, 0x0, 0x0, 0x0, 0x8, 0xff, 0xfd,
    0x0, 0xb, 0xff, 0xf9, 0x0, 0x0, 0x0, 0x0,
    0x2, 0xff, 0xff, 0x30, 0x1f, 0xff, 0xf4, 0x0,
    0x0, 0x0, 0x0, 0x0, 0xcf, 0xff, 0x80, 0x7f,
    0xff, 0xe0, 0x0, 0x0, 0x0, 0x0, 0x0, 0x7f,
    0xff, 0xe0, 0xdf, 0xff, 0x90, 0x0, 0x0, 0x0,
    0x0, 0x0, 0x1f, 0xff, 0xf4,

    /* U+0042 "B" */
    0x2f, 0xff, 0xff, 0xff, 0xff, 0xdb, 0x83, 0x0,
    0x0, 0x2f, 0xff, 0xff, 0xff, 0xff, 0xff, 0xff,
    0xc2, 0x0, 0x2f, 0xff, 0xff, 0xff, 0xff, 0xff,
    0xff, 0xfe, 0x0, 0x2f, 0xff, 0xf5, 0x55, 0x67,
    0xaf, 0xff, 0xff, 0x70, 0x2f, 0xff, 0xf0, 0x0,
    0x0, 0x1, 0xef, 0xff, 0xb0, 0x2f, 0xff, 0xf0,
    0x0, 0x0, 0x0, 0x8f, 0xff, 0xc0, 0x2f, 0xff,
    0xf0, 0x0, 0x0, 0x0, 0x7f, 0xff, 0xb0, 0x2f,
    0xff, 0xf0, 0x0, 0x0, 0x0, 0xcf, 0xff, 0x60,
    0x2f, 0xff, 0xf0, 0x0, 0x1, 0x3b, 0xff, 0xfd,
    0x0, 0x2f, 0xff, 0xff, 0xff, 0xff, 0xff, 0xff,
    0xb1, 0x0, 0x2f, 0xff, 0xff, 0xff, 0xff, 0xff,
    0xf6, 0x0, 0x0, 0x2f, 0xff, 0xff, 0xff, 0xff,
    0xff, 0xff, 0xe5, 0x0, 0x2f, 0xff, 0xf4, 0x44,
    0x45, 0x7d, 0xff, 0xff, 0x50, 0x2f, 0xff, 0xf0,
    0x0, 0x0, 0x0, 0xaf, 0xff, 0xe0, 0x2f, 0xff,
    0xf0, 0x0, 0x0, 0x0, 0x1f, 0xff, 0xf4, 0x2f,
    0xff, 0xf0, 0x0, 0x0, 0x0, 0xe, 0xff, 0xf6,
    0x2f, 0xff, 0xf0, 0x0, 0x0, 0x0, 0xe, 0xff,
    0xf6, 0x2f, 0xff, 0xf0, 0x0, 0x0, 0x0, 0x3f,
    0xff, 0xf5, 0x2f, 0xff, 0xf0, 0x0, 0x0, 0x0,
    0xcf, 0xff, 0xf1, 0x2f, 0xff, 0xf6, 0x66, 0x66,
    0x9e, 0xff, 0xff, 0xa0, 0x2f, 0xff, 0xff, 0xff,
    0xff, 0xff, 0xff, 0xfe, 0x10, 0x2f, 0xff, 0xff,
    0xff, 0xff, 0xff, 0xff, 0xb1, 0x0, 0x2f, 0xff,
    0xff, 0xff, 0xff, 0xec, 0x93, 0x0, 0x0,

    /* U+0043 "C" */
    0x0, 0x0, 0x0, 0x4, 0x9c, 0xef, 0xfe, 0xc9,
    0x40, 0x0, 0x0, 0x0, 0x4d, 0xff, 0xff, 0xff,
    0xff, 0xff, 0xe3, 0x0, 0x0, 0x8f, 0xff, 0xff,
    0xff, 0xff, 0xff, 0xff, 0x0, 0x0, 0x8f, 0xff,
    0xff, 0xea, 0x99, 0xbe, 0xff, 0x90, 0x0, 0x4f,
    0xff, 0xfe, 0x60, 0x0, 0x0, 0x3, 0x92, 0x0,
    0xd, 0xff, 0xfe, 0x20, 0x0, 0x0, 0x0, 0x0,
    0x0, 0x4, 0xff, 0xff, 0x50, 0x0, 0x0, 0x0,
    0x0, 0x0, 0x0, 0xaf, 0xff, 0xd0, 0x0, 0x0,
    0x0, 0x0, 0x0, 0x0, 0xe, 0xff, 0xf8, 0x0,
    0x0, 0x0, 0x0, 0x0, 0x0, 0x0, 0xff, 0xff,
    0x40, 0x0, 0x0, 0x0, 0x0, 0x0, 0x0, 0x2f,
    0xff, 0xf2, 0x0, 0x0, 0x0, 0x0, 0x0, 0x0,
    0x2, 0xff, 0xff, 0x10, 0x0, 0x0, 0x0, 0x0,
    0x0, 0x0, 0x2f, 0xff, 0xf2, 0x0, 0x0, 0x0,
    0x0, 0x0, 0x0, 0x1, 0xff, 0xff, 0x40, 0x0,
    0x0, 0x0, 0x0, 0x0, 0x0, 0xe, 0xff, 0xf7,
    0x0, 0x0, 0x0, 0x0, 0x0, 0x0, 0x0, 0xbf,
    0xff, 0xc0, 0x0, 0x0, 0x0, 0x0, 0x0, 0x0,
    0x6, 0xff, 0xff, 0x30, 0x0, 0x0, 0x0, 0x0,
    0x0, 0x0, 0x1f, 0xff, 0xfd, 0x10, 0x0, 0x0,
    0x0, 0x0, 0x0, 0x0, 0x8f, 0xff, 0xfe, 0x50,
    0x0, 0x0, 0x0, 0x44, 0x0, 0x0, 0xdf, 0xff,
    0xff, 0xea, 0x99, 0xac, 0xff, 0x80, 0x0, 0x1,
    0xdf, 0xff, 0xff, 0xff, 0xff, 0xff, 0xf8, 0x0,
    0x0, 0x0, 0x9f, 0xff, 0xff, 0xff, 0xff, 0xff,
    0x70, 0x0, 0x0, 0x0, 0x17, 0xbe, 0xff, 0xfe,
    0xc8, 0x40, 0x0,

    /* U+0044 "D" */
    0x2f, 0xff, 0xff, 0xff, 0xff, 0xda, 0x61, 0x0,
    0x0, 0x0, 0x2f, 0xff, 0xff, 0xff, 0xff, 0xff,
    0xff, 0x91, 0x0, 0x0, 0x2f, 0xff, 0xff, 0xff,
    0xff, 0xff, 0xff, 0xfe, 0x30, 0x0, 0x2f, 0xff,
    0xf8, 0x88, 0x89, 0xcf, 0xff, 0xff, 0xf2, 0x0,
    0x2f, 0xff, 0xf0, 0x0, 0x0, 0x2, 0xbf, 0xff,
    0xfd, 0x0, 0x2f, 0xff, 0xf0, 0x0, 0x0, 0x0,
    0x9, 0xff, 0xff, 0x60, 0x2f, 0xff, 0xf0, 0x0,
    0x0, 0x0, 0x0, 0xdf, 0xff, 0xd0, 0x2f, 0xff,
    0xf0, 0x0, 0x0, 0x0, 0x0, 0x5f, 0xff, 0xf2,
    0x2f, 0xff, 0xf0, 0x0, 0x0, 0x0, 0x0, 0x1f,
    0xff, 0xf5, 0x2f, 0xff, 0xf0, 0x0, 0x0, 0x0,
    0x0, 0xe, 0xff, 0xf7, 0x2f, 0xff, 0xf0, 0x0,
    0x0, 0x0, 0x0, 0xc, 0xff, 0xf8, 0x2f, 0xff,
    0xf0, 0x0, 0x0, 0x0, 0x0, 0xc, 0xff, 0xf8,
    0x2f, 0xff, 0xf0, 0x0, 0x0, 0x0, 0x0, 0xc,
    0xff, 0xf8, 0x2f, 0xff, 0xf0, 0x0, 0x0, 0x0,
    0x0, 0xe, 0xff, 0xf6, 0x2f, 0xff, 0xf0, 0x0,
    0x0, 0x0, 0x0, 0x2f, 0xff, 0xf4, 0x2f, 0xff,
    0xf0, 0x0, 0x0, 0x0, 0x0, 0x7f, 0xff, 0xf0,
    0x2f, 0xff, 0xf0, 0x0, 0x0, 0x0, 0x1, 0xef,
    0xff, 0xa0, 0x2f, 0xff, 0xf0, 0x0, 0x0, 0x0,
    0xb, 0xff, 0xff, 0x30, 0x2f, 0xff, 0xf0, 0x0,
    0x0, 0x4, 0xdf, 0xff, 0xfa, 0x0, 0x2f, 0xff,
    0xf8, 0x88, 0x9b, 0xef, 0xff, 0xff, 0xd0, 0x0,
    0x2f, 0xff, 0xff, 0xff, 0xff, 0xff, 0xff, 0xfc,
    0x10, 0x0, 0x2f, 0xff, 0xff, 0xff, 0xff, 0xff,
    0xfe, 0x60, 0x0, 0x0, 0x2f, 0xff, 0xff, 0xff,
    0xfe, 0xc9, 0x40, 0x0, 0x0, 0x0,

    /* U+0045 "E" */
    0xf, 0xff, 0xff, 0xff, 0xff, 0xff, 0xff, 0xf,
    0xff, 0xff, 0xff, 0xff, 0xff, 0xff, 0xf, 0xff,
    0xff, 0xff, 0xff, 0xff, 0xff, 0xf, 0xff, 0xf8,
    0x88, 0x88, 0x88, 0x87, 0xf, 0xff, 0xf1, 0x0,
    0x0, 0x0, 0x0, 0xf, 0xff, 0xf1, 0x0, 0x0,
    0x0, 0x0, 0xf, 0xff, 0xf1, 0x0, 0x0, 0x0,
    0x0, 0xf, 0xff, 0xf1, 0x0, 0x0, 0x0, 0x0,
    0xf, 0xff, 0xf1, 0x0, 0x0, 0x0, 0x0, 0xf,
    0xff, 0xff, 0xff, 0xff, 0xff, 0xf6, 0xf, 0xff,
    0xff, 0xff, 0xff, 0xff, 0xf6, 0xf, 0xff, 0xff,
    0xff, 0xff, 0xff, 0xf6, 0xf, 0xff, 0xf8, 0x77,
    0x77, 0x77, 0x73, 0xf, 0xff, 0xf1, 0x0, 0x0,
    0x0, 0x0, 0xf, 0xff, 0xf1, 0x0, 0x0, 0x0,
    0x0, 0xf, 0xff, 0xf1, 0x0, 0x0, 0x0, 0x0,
    0xf, 0xff, 0xf1, 0x0, 0x0, 0x0, 0x0, 0xf,
    0xff, 0xf1, 0x0, 0x0, 0x0, 0x0, 0xf, 0xff,
    0xf1, 0x0, 0x0, 0x0, 0x0, 0xf, 0xff, 0xf8,
    0x88, 0x88, 0x88, 0x88, 0xf, 0xff, 0xff, 0xff,
    0xff, 0xff, 0xff, 0xf, 0xff, 0xff, 0xff, 0xff,
    0xff, 0xff, 0xf, 0xff, 0xff, 0xff, 0xff, 0xff,
    0xff,

    /* U+0046 "F" */
    0xf, 0xff, 0xff, 0xff, 0xff, 0xff, 0xff, 0xf,
    0xff, 0xff, 0xff, 0xff, 0xff, 0xff, 0xf, 0xff,
    0xff, 0xff, 0xff, 0xff, 0xff, 0xf, 0xff, 0xf8,
    0x88, 0x88, 0x88, 0x87, 0xf, 0xff, 0xf0, 0x0,
    0x0, 0x0, 0x0, 0xf, 0xff, 0xf0, 0x0, 0x0,
    0x0, 0x0, 0xf, 0xff, 0xf0, 0x0, 0x0, 0x0,
    0x0, 0xf, 0xff, 0xf0, 0x0, 0x0, 0x0, 0x0,
    0xf, 0xff, 0xf0, 0x0, 0x0, 0x0, 0x0, 0xf,
    0xff, 0xf0, 0x0, 0x0, 0x0, 0x0, 0xf, 0xff,
    0xff, 0xff, 0xff, 0xff, 0xf5, 0xf, 0xff, 0xff,
    0xff, 0xff, 0xff, 0xf5, 0xf, 0xff, 0xff, 0xff,
    0xff, 0xff, 0xf5, 0xf, 0xff, 0xf8, 0x88, 0x88,
    0x88, 0x82, 0xf, 0xff, 0xf0, 0x0, 0x0, 0x0,
    0x0, 0xf, 0xff, 0xf0, 0x0, 0x0, 0x0, 0x0,
    0xf, 0xff, 0xf0, 0x0, 0x0, 0x0, 0x0, 0xf,
    0xff, 0xf0, 0x0, 0x0, 0x0, 0x0, 0xf, 0xff,
    0xf0, 0x0, 0x0, 0x0, 0x0, 0xf, 0xff, 0xf0,
    0x0, 0x0, 0x0, 0x0, 0xf, 0xff, 0xf0, 0x0,
    0x0, 0x0, 0x0, 0xf, 0xff, 0xf0, 0x0, 0x0,
    0x0, 0x0, 0xf, 0xff, 0xf0, 0x0, 0x0, 0x0,
    0x0,

    /* U+0047 "G" */
    0x0, 0x0, 0x0, 0x1, 0x7b, 0xdf, 0xff, 0xec,
    0x95, 0x0, 0x0, 0x0, 0x1, 0xaf, 0xff, 0xff,
    0xff, 0xff, 0xff, 0xf5, 0x0, 0x0, 0x5f, 0xff,
    0xff, 0xff, 0xff, 0xff, 0xff, 0xf2, 0x0, 0x5,
    0xff, 0xff, 0xff, 0xc9, 0x89, 0xad, 0xff, 0xa0,
    0x0, 0x2f, 0xff, 0xff, 0xa2, 0x0, 0x0, 0x0,
    0x16, 0x30, 0x0, 0xbf, 0xff, 0xf6, 0x0, 0x0,
    0x0, 0x0, 0x0, 0x0, 0x3, 0xff, 0xff, 0x80,
    0x0, 0x0, 0x0, 0x0, 0x0, 0x0, 0x9, 0xff,
    0xfe, 0x0, 0x0, 0x0, 0x0, 0x0, 0x0, 0x0,
    0xd, 0xff, 0xf9, 0x0, 0x0, 0x0, 0x0, 0x0,
    0x0, 0x0, 0xf, 0xff, 0xf5, 0x0, 0x0, 0x0,
    0x0, 0x0, 0x0, 0x0, 0x1f, 0xff, 0xf3, 0x0,
    0x0, 0xe, 0xff, 0xff, 0xff, 0xfb, 0x1f, 0xff,
    0xf2, 0x0, 0x0, 0xe, 0xff, 0xff, 0xff, 0xfb,
    0x1f, 0xff, 0xf2, 0x0, 0x0, 0xe, 0xff, 0xff,
    0xff, 0xfb, 0xf, 0xff, 0xf4, 0x0, 0x0, 0x7,
    0x88, 0x8a, 0xff, 0xfb, 0xd, 0xff, 0xf7, 0x0,
    0x0, 0x0, 0x0, 0x4, 0xff, 0xfb, 0xa, 0xff,
    0xfc, 0x0, 0x0, 0x0, 0x0, 0x4, 0xff, 0xfb,
    0x5, 0xff, 0xff, 0x40, 0x0, 0x0, 0x0, 0x4,
    0xff, 0xfb, 0x0, 0xef, 0xff, 0xe1, 0x0, 0x0,
    0x0, 0x4, 0xff, 0xfb, 0x0, 0x6f, 0xff, 0xfe,
    0x40, 0x0, 0x0, 0x4, 0xff, 0xfb, 0x0, 0xb,
    0xff, 0xff, 0xfe, 0xa9, 0x89, 0xbe, 0xff, 0xfb,
    0x0, 0x0, 0xbf, 0xff, 0xff, 0xff, 0xff, 0xff,
    0xff, 0xfb, 0x0, 0x0, 0x7, 0xff, 0xff, 0xff,
    0xff, 0xff, 0xff, 0xf9, 0x0, 0x0, 0x0, 0x6,
    0xad, 0xff, 0xff, 0xdb, 0x95, 0x10,

    /* U+0048 "H" */
    0xf, 0xff, 0xf1, 0x0, 0x0, 0x0, 0x0, 0xe,
    0xff, 0xf3, 0xf, 0xff, 0xf1, 0x0, 0x0, 0x0,
    0x0, 0xe, 0xff, 0xf3, 0xf, 0xff, 0xf1, 0x0,
    0x0, 0x0, 0x0, 0xe, 0xff, 0xf3, 0xf, 0xff,
    0xf1, 0x0, 0x0, 0x0, 0x0, 0xe, 0xff, 0xf3,
    0xf, 0xff, 0xf1, 0x0, 0x0, 0x0, 0x0, 0xe,
    0xff, 0xf3, 0xf, 0xff, 0xf1, 0x0, 0x0, 0x0,
    0x0, 0xe, 0xff, 0xf3, 0xf, 0xff, 0xf1, 0x0,
    0x0, 0x0, 0x0, 0xe, 0xff, 0xf3, 0xf, 0xff,
    0xf1, 0x0, 0x0, 0x0, 0x0, 0xe, 0xff, 0xf3,
    0xf, 0xff, 0xf1, 0x0, 0x0, 0x0, 0x0, 0xe,
    0xff, 0xf3, 0xf, 0xff, 0xff, 0xff, 0xff, 0xff,
    0xff, 0xff, 0xff, 0xf3, 0xf, 0xff, 0xff, 0xff,
    0xff, 0xff, 0xff, 0xff, 0xff, 0xf3, 0xf, 0xff,
    0xff, 0xff, 0xff, 0xff, 0xff, 0xff, 0xff, 0xf3,
    0xf, 0xff, 0xf9, 0x88, 0x88, 0x88, 0x88, 0x8f,
    0xff, 0xf3, 0xf, 0xff, 0xf1, 0x0, 0x0, 0x0,
    0x0, 0xe, 0xff, 0xf3, 0xf, 0xff, 0xf1, 0x0,
    0x0, 0x0, 0x0, 0xe, 0xff, 0xf3, 0xf, 0xff,
    0xf1, 0x0, 0x0, 0x0, 0x0, 0xe, 0xff, 0xf3,
    0xf, 0xff, 0xf1, 0x0, 0x0, 0x0, 0x0, 0xe,
    0xff, 0xf3, 0xf, 0xff, 0xf1, 0x0, 0x0, 0x0,
    0x0, 0xe, 0xff, 0xf3, 0xf, 0xff, 0xf1, 0x0,
    0x0, 0x0, 0x0, 0xe, 0xff, 0xf3, 0xf, 0xff,
    0xf1, 0x0, 0x0, 0x0, 0x0, 0xe, 0xff, 0xf3,
    0xf, 0xff, 0xf1, 0x0, 0x0, 0x0, 0x0, 0xe,
    0xff, 0xf3, 0xf, 0xff, 0xf1, 0x0, 0x0, 0x0,
    0x0, 0xe, 0xff, 0xf3, 0xf, 0xff, 0xf1, 0x0,
    0x0, 0x0, 0x0, 0xe, 0xff, 0xf3,

    /* U+0049 "I" */
    0xef, 0xff, 0xff, 0xff, 0xfb, 0xef, 0xff, 0xff,
    0xff, 0xfb, 0x7e, 0xff, 0xff, 0xff, 0xd5, 0x0,
    0x5f, 0xff, 0xf3, 0x0, 0x0, 0x2f, 0xff, 0xf0,
    0x0, 0x0, 0x2f, 0xff, 0xf0, 0x0, 0x0, 0x2f,
    0xff, 0xf0, 0x0, 0x0, 0x2f, 0xff, 0xf0, 0x0,
    0x0, 0x2f, 0xff, 0xf0, 0x0, 0x0, 0x2f, 0xff,
    0xf0, 0x0, 0x0, 0x2f, 0xff, 0xf0, 0x0, 0x0,
    0x2f, 0xff, 0xf0, 0x0, 0x0, 0x2f, 0xff, 0xf0,
    0x0, 0x0, 0x2f, 0xff, 0xf0, 0x0, 0x0, 0x2f,
    0xff, 0xf0, 0x0, 0x0, 0x2f, 0xff, 0xf0, 0x0,
    0x0, 0x2f, 0xff, 0xf0, 0x0, 0x0, 0x2f, 0xff,
    0xf0, 0x0, 0x0, 0x2f, 0xff, 0xf0, 0x0, 0x0,
    0x4f, 0xff, 0xf2, 0x0, 0x7d, 0xff, 0xff, 0xff,
    0xc5, 0xef, 0xff, 0xff, 0xff, 0xfb, 0xef, 0xff,
    0xff, 0xff, 0xfb,

    /* U+004A "J" */
    0x0, 0x0, 0x1, 0xff, 0xff, 0x0, 0x0, 0x0,
    0x1f, 0xff, 0xf0, 0x0, 0x0, 0x1, 0xff, 0xff,
    0x0, 0x0, 0x0, 0x1f, 0xff, 0xf0, 0x0, 0x0,
    0x1, 0xff, 0xff, 0x0, 0x0, 0x0, 0x1f, 0xff,
    0xf0, 0x0, 0x0, 0x1, 0xff, 0xff, 0x0, 0x0,
    0x0, 0x1f, 0xff, 0xf0, 0x0, 0x0, 0x1, 0xff,
    0xff, 0x0, 0x0, 0x0, 0x1f, 0xff, 0xf0, 0x0,
    0x0, 0x1, 0xff, 0xff, 0x0, 0x0, 0x0, 0x1f,
    0xff, 0xf0, 0x0, 0x0, 0x1, 0xff, 0xff, 0x0,
    0x0, 0x0, 0x1f, 0xff, 0xf0, 0x0, 0x0, 0x1,
    0xff, 0xff, 0x0, 0x0, 0x0, 0x1f, 0xff, 0xf0,
    0x0, 0x0, 0x1, 0xff, 0xff, 0x0, 0x0, 0x0,
    0x1f, 0xff, 0xf0, 0x0, 0x0, 0x1, 0xff, 0xff,
    0x0, 0x0, 0x0, 0x1f, 0xff, 0xf0, 0x0, 0x0,
    0x1, 0xff, 0xff, 0x0, 0x0, 0x0, 0x1f, 0xff,
    0xf0, 0x0, 0x0, 0x1, 0xff, 0xff, 0x0, 0x0,
    0x0, 0x2f, 0xff, 0xf0, 0x0, 0x0, 0x5, 0xff,
    0xfd, 0x0, 0x0, 0x0, 0xdf, 0xff, 0xa0, 0x5a,
    0x89, 0xef, 0xff, 0xf4, 0x7, 0xff, 0xff, 0xff,
    0xfb, 0x0, 0x7f, 0xff, 0xff, 0xfb, 0x0, 0x4,
    0xdf, 0xfe, 0xb5, 0x0, 0x0,

    /* U+004B "K" */
    0xf, 0xff, 0xf1, 0x0, 0x0, 0x0, 0x8, 0xff,
    0xff, 0x20, 0xff, 0xff, 0x10, 0x0, 0x0, 0x5,
    0xff, 0xff, 0x40, 0xf, 0xff, 0xf1, 0x0, 0x0,
    0x3, 0xff, 0xff, 0x70, 0x0, 0xff, 0xff, 0x10,
    0x0, 0x1, 0xef, 0xff, 0xa0, 0x0, 0xf, 0xff,
    0xf1, 0x0, 0x0, 0xcf, 0xff, 0xc0, 0x0, 0x0,
    0xff, 0xff, 0x10, 0x0, 0x9f, 0xff, 0xe1, 0x0,
    0x0, 0xf, 0xff, 0xf1, 0x0, 0x6f, 0xff, 0xf3,
    0x0, 0x0, 0x0, 0xff, 0xff, 0x10, 0x4f, 0xff,
    0xf5, 0x0, 0x0, 0x0, 0xf, 0xff, 0xf1, 0x2e,
    0xff, 0xf7, 0x0, 0x0, 0x0, 0x0, 0xff, 0xff,
    0x1d, 0xff, 0xfa, 0x0, 0x0, 0x0, 0x0, 0xf,
    0xff, 0xfb, 0xff, 0xff, 0x60, 0x0, 0x0, 0x0,
    0x0, 0xff, 0xff, 0xff, 0xff, 0xff, 0x20, 0x0,
    0x0, 0x0, 0xf, 0xff, 0xff, 0xff, 0xff, 0xfb,
    0x0, 0x0, 0x0, 0x0, 0xff, 0xff, 0xf6, 0x5f,
    0xff, 0xf6, 0x0, 0x0, 0x0, 0xf, 0xff, 0xf4,
    0x0, 0xaf, 0xff, 0xf1, 0x0, 0x0, 0x0, 0xff,
    0xff, 0x10, 0x1, 0xef, 0xff, 0xb0, 0x0, 0x0,
    0xf, 0xff, 0xf1, 0x0, 0x5, 0xff, 0xff, 0x60,
    0x0, 0x0, 0xff, 0xff, 0x10, 0x0, 0xa, 0xff,
    0xff, 0x10, 0x0, 0xf, 0xff, 0xf1, 0x0, 0x0,
    0x1e, 0xff, 0xfb, 0x0, 0x0, 0xff, 0xff, 0x10,
    0x0, 0x0, 0x5f, 0xff, 0xf6, 0x0, 0xf, 0xff,
    0xf1, 0x0, 0x0, 0x0, 0xaf, 0xff, 0xf1, 0x0,
    0xff, 0xff, 0x10, 0x0, 0x0, 0x1, 0xef, 0xff,
    0xb0, 0xf, 0xff, 0xf1, 0x0, 0x0, 0x0, 0x5,
    0xff, 0xff, 0x60,

    /* U+004C "L" */
    0x2f, 0xff, 0xf0, 0x0, 0x0, 0x0, 0x0, 0x2,
    0xff, 0xff, 0x0, 0x0, 0x0, 0x0, 0x0, 0x2f,
    0xff, 0xf0, 0x0, 0x0, 0x0, 0x0, 0x2, 0xff,
    0xff, 0x0, 0x0, 0x0, 0x0, 0x0, 0x2f, 0xff,
    0xf0, 0x0, 0x0, 0x0, 0x0, 0x2, 0xff, 0xff,
    0x0, 0x0, 0x0, 0x0, 0x0, 0x2f, 0xff, 0xf0,
    0x0, 0x0, 0x0, 0x0, 0x2, 0xff, 0xff, 0x0,
    0x0, 0x0, 0x0, 0x0, 0x2f, 0xff, 0xf0, 0x0,
    0x0, 0x0, 0x0, 0x2, 0xff, 0xff, 0x0, 0x0,
    0x0, 0x0, 0x0, 0x2f, 0xff, 0xf0, 0x0, 0x0,
    0x0, 0x0, 0x2, 0xff, 0xff, 0x0, 0x0, 0x0,
    0x0, 0x0, 0x2f, 0xff, 0xf0, 0x0, 0x0, 0x0,
    0x0, 0x2, 0xff, 0xff, 0x0, 0x0, 0x0, 0x0,
    0x0, 0x2f, 0xff, 0xf0, 0x0, 0x0, 0x0, 0x0,
    0x2, 0xff, 0xff, 0x0, 0x0, 0x0, 0x0, 0x0,
    0x2f, 0xff, 0xf0, 0x0, 0x0, 0x0, 0x0, 0x2,
    0xff, 0xff, 0x0, 0x0, 0x0, 0x0, 0x0, 0x2f,
    0xff, 0xf0, 0x0, 0x0, 0x0, 0x0, 0x2, 0xff,
    0xff, 0x99, 0x99, 0x99, 0x99, 0x94, 0x2f, 0xff,
    0xff, 0xff, 0xff, 0xff, 0xff, 0x82, 0xff, 0xff,
    0xff, 0xff, 0xff, 0xff, 0xf8, 0x2f, 0xff, 0xff,
    0xff, 0xff, 0xff, 0xff, 0x80,

    /* U+004D "M" */
    0xf, 0xff, 0xff, 0xd0, 0x0, 0x0, 0x0, 0x0,
    0x0, 0x1f, 0xff, 0xff, 0xc0, 0xff, 0xff, 0xff,
    0x20, 0x0, 0x0, 0x0, 0x0, 0x6, 0xff, 0xff,
    0xfc, 0xf, 0xff, 0xff, 0xf8, 0x0, 0x0, 0x0,
    0x0, 0x0, 0xcf, 0xff, 0xff, 0xc0, 0xff, 0xff,
    0xff, 0xd0, 0x0, 0x0, 0x0, 0x0, 0x2f, 0xff,
    0xff, 0xfc, 0xf, 0xff, 0xcf, 0xff, 0x20, 0x0,
    0x0, 0x0, 0x7, 0xff, 0xde, 0xff, 0xc0, 0xff,
    0xf8, 0xff, 0xf8, 0x0, 0x0, 0x0, 0x0, 0xdf,
    0xf8, 0xff, 0xfc, 0xf, 0xff, 0x8b, 0xff, 0xd0,
    0x0, 0x0, 0x0, 0x2f, 0xff, 0x2f, 0xff, 0xc0,
    0xff, 0xf9, 0x5f, 0xff, 0x20, 0x0, 0x0, 0x8,
    0xff, 0xd0, 0xff, 0xfc, 0xf, 0xff, 0x90, 0xff,
    0xf8, 0x0, 0x0, 0x0, 0xdf, 0xf7, 0x1f, 0xff,
    0xc0, 0xff, 0xfa, 0xb, 0xff, 0xd0, 0x0, 0x0,
    0x3f, 0xff, 0x21, 0xff, 0xfc, 0xf, 0xff, 0xa0,
    0x5f, 0xff, 0x20, 0x0, 0x8, 0xff, 0xc0, 0x2f,
    0xff, 0xc0, 0xff, 0xfa, 0x0, 0xff, 0xf8, 0x0,
    0x0, 0xef, 0xf6, 0x2, 0xff, 0xfc, 0xf, 0xff,
    0xa0, 0xb, 0xff, 0xd0, 0x0, 0x4f, 0xff, 0x10,
    0x2f, 0xff, 0xc0, 0xff, 0xfa, 0x0, 0x5f, 0xff,
    0x20, 0x9, 0xff, 0xb0, 0x2, 0xff, 0xfc, 0xf,
    0xff, 0xa0, 0x0, 0xff, 0xf7, 0x0, 0xef, 0xf6,
    0x0, 0x2f, 0xff, 0xc0, 0xff, 0xfa, 0x0, 0xb,
    0xff, 0xd0, 0x4f, 0xff, 0x10, 0x2, 0xff, 0xfc,
    0xf, 0xff, 0xa0, 0x0, 0x5f, 0xff, 0x2a, 0xff,
    0xb0, 0x0, 0x2f, 0xff, 0xc0, 0xff, 0xfa, 0x0,
    0x0, 0xff, 0xf8, 0xff, 0xf5, 0x0, 0x2, 0xff,
    0xfc, 0xf, 0xff, 0xa0, 0x0, 0xb, 0xff, 0xff,
    0xff, 0x0, 0x0, 0x2f, 0xff, 0xc0, 0xff, 0xfa,
    0x0, 0x0, 0x5f, 0xff, 0xff, 0xa0, 0x0, 0x2,
    0xff, 0xfc, 0xf, 0xff, 0xa0, 0x0, 0x0, 0xff,
    0xff, 0xf5, 0x0, 0x0, 0x2f, 0xff, 0xc0, 0xff,
    0xfa, 0x0, 0x0, 0xb, 0xff, 0xff, 0x0, 0x0,
    0x2, 0xff, 0xfc, 0xf, 0xff, 0xa0, 0x0, 0x0,
    0x5f, 0xff, 0xa0, 0x0, 0x0, 0x2f, 0xff, 0xc0,

    /* U+004E "N" */
    0xf, 0xff, 0xff, 0x50, 0x0, 0x0, 0x0, 0x0,
    0x5f, 0xff, 0x60, 0xff, 0xff, 0xfe, 0x0, 0x0,
    0x0, 0x0, 0x5, 0xff, 0xf6, 0xf, 0xff, 0xff,
    0xf8, 0x0, 0x0, 0x0, 0x0, 0x5f, 0xff, 0x60,
    0xff, 0xff, 0xff, 0xf2, 0x0, 0x0, 0x0, 0x5,
    0xff, 0xf6, 0xf, 0xff, 0xff, 0xff, 0xb0, 0x0,
    0x0, 0x0, 0x5f, 0xff, 0x60, 0xff, 0xf9, 0xff,
    0xff, 0x50, 0x0, 0x0, 0x5, 0xff, 0xf6, 0xf,
    0xff, 0x79, 0xff, 0xfe, 0x0, 0x0, 0x0, 0x5f,
    0xff, 0x60, 0xff, 0xf8, 0x1e, 0xff, 0xf8, 0x0,
    0x0, 0x5, 0xff, 0xf6, 0xf, 0xff, 0x80, 0x6f,
    0xff, 0xf2, 0x0, 0x0, 0x5f, 0xff, 0x60, 0xff,
    0xf9, 0x0, 0xcf, 0xff, 0xb0, 0x0, 0x5, 0xff,
    0xf6, 0xf, 0xff, 0xa0, 0x3, 0xff, 0xff, 0x50,
    0x0, 0x5f, 0xff, 0x60, 0xff, 0xfa, 0x0, 0x9,
    0xff, 0xfe, 0x0, 0x5, 0xff, 0xf6, 0xf, 0xff,
    0xa0, 0x0, 0x1e, 0xff, 0xf8, 0x0, 0x4f, 0xff,
    0x60, 0xff, 0xfa, 0x0, 0x0, 0x6f, 0xff, 0xf2,
    0x4, 0xff, 0xf6, 0xf, 0xff, 0xa0, 0x0, 0x0,
    0xcf, 0xff, 0xc0, 0x3f, 0xff, 0x60, 0xff, 0xfa,
    0x0, 0x0, 0x3, 0xff, 0xff, 0x52, 0xff, 0xf6,
    0xf, 0xff, 0xa0, 0x0, 0x0, 0x9, 0xff, 0xfe,
    0x3f, 0xff, 0x60, 0xff, 0xfa, 0x0, 0x0, 0x0,
    0x1e, 0xff, 0xfb, 0xff, 0xf6, 0xf, 0xff, 0xa0,
    0x0, 0x0, 0x0, 0x6f, 0xff, 0xff, 0xff, 0x60,
    0xff, 0xfa, 0x0, 0x0, 0x0, 0x0, 0xcf, 0xff,
    0xff, 0xf6, 0xf, 0xff, 0xa0, 0x0, 0x0, 0x0,
    0x3, 0xff, 0xff, 0xff, 0x60, 0xff, 0xfa, 0x0,
    0x0, 0x0, 0x0, 0x9, 0xff, 0xff, 0xf6, 0xf,
    0xff, 0xa0, 0x0, 0x0, 0x0, 0x0, 0x1e, 0xff,
    0xff, 0x60,

    /* U+004F "O" */
    0x0, 0x0, 0x0, 0x16, 0xbd, 0xff, 0xfe, 0xb7,
    0x20, 0x0, 0x0, 0x0, 0x0, 0x0, 0x8f, 0xff,
    0xff, 0xff, 0xff, 0xff, 0xa1, 0x0, 0x0, 0x0,
    0x1, 0xcf, 0xff, 0xff, 0xff, 0xff, 0xff, 0xff,
    0xe2, 0x0, 0x0, 0x0, 0xcf, 0xff, 0xff, 0xda,
    0x99, 0xcf, 0xff, 0xff, 0xe1, 0x0, 0x0, 0x8f,
    0xff, 0xfd, 0x30, 0x0, 0x0, 0x1a, 0xff, 0xff,
    0xa0, 0x0, 0x1f, 0xff, 0xfd, 0x0, 0x0, 0x0,
    0x0, 0xa, 0xff, 0xff, 0x30, 0x6, 0xff, 0xff,
    0x30, 0x0, 0x0, 0x0, 0x0, 0x1f, 0xff, 0xf9,
    0x0, 0xbf, 0xff, 0xc0, 0x0, 0x0, 0x0, 0x0,
    0x0, 0x9f, 0xff, 0xe0, 0xe, 0xff, 0xf7, 0x0,
    0x0, 0x0, 0x0, 0x0, 0x5, 0xff, 0xff, 0x11,
    0xff, 0xff, 0x40, 0x0, 0x0, 0x0, 0x0, 0x0,
    0x2f, 0xff, 0xf3, 0x2f, 0xff, 0xf3, 0x0, 0x0,
    0x0, 0x0, 0x0, 0x1, 0xff, 0xff, 0x52, 0xff,
    0xff, 0x20, 0x0, 0x0, 0x0, 0x0, 0x0, 0xf,
    0xff, 0xf5, 0x2f, 0xff, 0xf3, 0x0, 0x0, 0x0,
    0x0, 0x0, 0x1, 0xff, 0xff, 0x50, 0xff, 0xff,
    0x50, 0x0, 0x0, 0x0, 0x0, 0x0, 0x2f, 0xff,
    0xf3, 0xe, 0xff, 0xf7, 0x0, 0x0, 0x0, 0x0,
    0x0, 0x5, 0xff, 0xff, 0x10, 0xbf, 0xff, 0xc0,
    0x0, 0x0, 0x0, 0x0, 0x0, 0x9f, 0xff, 0xe0,
    0x6, 0xff, 0xff, 0x30, 0x0, 0x0, 0x0, 0x0,
    0x1f, 0xff, 0xf9, 0x0, 0xf, 0xff, 0xfd, 0x10,
    0x0, 0x0, 0x0, 0xb, 0xff, 0xff, 0x20, 0x0,
    0x7f, 0xff, 0xfd, 0x40, 0x0, 0x0, 0x2b, 0xff,
    0xff, 0xa0, 0x0, 0x0, 0xcf, 0xff, 0xff, 0xea,
    0x9a, 0xdf, 0xff, 0xff, 0xe1, 0x0, 0x0, 0x1,
    0xcf, 0xff, 0xff, 0xff, 0xff, 0xff, 0xff, 0xd2,
    0x0, 0x0, 0x0, 0x0, 0x7f, 0xff, 0xff, 0xff,
    0xff, 0xff, 0x91, 0x0, 0x0, 0x0, 0x0, 0x0,
    0x16, 0xad, 0xff, 0xfe, 0xb7, 0x10, 0x0, 0x0,
    0x0,

    /* U+0050 "P" */
    0x2f, 0xff, 0xff, 0xff, 0xfe, 0xc8, 0x20, 0x0,
    0x2, 0xff, 0xff, 0xff, 0xff, 0xff, 0xff, 0xa0,
    0x0, 0x2f, 0xff, 0xff, 0xff, 0xff, 0xff, 0xff,
    0xc0, 0x2, 0xff, 0xff, 0x88, 0x89, 0xbf, 0xff,
    0xff, 0x70, 0x2f, 0xff, 0xf0, 0x0, 0x0, 0x2e,
    0xff, 0xfe, 0x2, 0xff, 0xff, 0x0, 0x0, 0x0,
    0x4f, 0xff, 0xf1, 0x2f, 0xff, 0xf0, 0x0, 0x0,
    0x0, 0xff, 0xff, 0x32, 0xff, 0xff, 0x0, 0x0,
    0x0, 0xf, 0xff, 0xf3, 0x2f, 0xff, 0xf0, 0x0,
    0x0, 0x2, 0xff, 0xff, 0x12, 0xff, 0xff, 0x0,
    0x0, 0x0, 0xbf, 0xff, 0xd0, 0x2f, 0xff, 0xf0,
    0x0, 0x15, 0xcf, 0xff, 0xf7, 0x2, 0xff, 0xff,
    0xff, 0xff, 0xff, 0xff, 0xfd, 0x0, 0x2f, 0xff,
    0xff, 0xff, 0xff, 0xff, 0xfd, 0x10, 0x2, 0xff,
    0xff, 0xff, 0xff, 0xff, 0xe7, 0x0, 0x0, 0x2f,
    0xff, 0xf8, 0x88, 0x75, 0x30, 0x0, 0x0, 0x2,
    0xff, 0xff, 0x0, 0x0, 0x0, 0x0, 0x0, 0x0,
    0x2f, 0xff, 0xf0, 0x0, 0x0, 0x0, 0x0, 0x0,
    0x2, 0xff, 0xff, 0x0, 0x0, 0x0, 0x0, 0x0,
    0x0, 0x2f, 0xff, 0xf0, 0x0, 0x0, 0x0, 0x0,
    0x0, 0x2, 0xff, 0xff, 0x0, 0x0, 0x0, 0x0,
    0x0, 0x0, 0x2f, 0xff, 0xf0, 0x0, 0x0, 0x0,
    0x0, 0x0, 0x2, 0xff, 0xff, 0x0, 0x0, 0x0,
    0x0, 0x0, 0x0, 0x2f, 0xff, 0xf0, 0x0, 0x0,
    0x0, 0x0, 0x0, 0x0,

    /* U+0051 "Q" */
    0x0, 0x0, 0x0, 0x16, 0xbd, 0xff, 0xfe, 0xb7,
    0x20, 0x0, 0x0, 0x0, 0x0, 0x0, 0x8f, 0xff,
    0xff, 0xff, 0xff, 0xff, 0xa1, 0x0, 0x0, 0x0,
    0x1, 0xcf, 0xff, 0xff, 0xff, 0xff, 0xff, 0xff,
    0xe2, 0x0, 0x0, 0x0, 0xcf, 0xff, 0xff, 0xda,
    0x99, 0xcf, 0xff, 0xff, 0xe1, 0x0, 0x0, 0x8f,
    0xff, 0xfd, 0x30, 0x0, 0x0, 0x1a, 0xff, 0xff,
    0xa0, 0x0, 0x1f, 0xff, 0xfd, 0x0, 0x0, 0x0,
    0x0, 0xa, 0xff, 0xff, 0x30, 0x6, 0xff, 0xff,
    0x30, 0x0, 0x0, 0x0, 0x0, 0x1f, 0xff, 0xf9,
    0x0, 0xbf, 0xff, 0xc0, 0x0, 0x0, 0x0, 0x0,
    0x0, 0x9f, 0xff, 0xe0, 0xe, 0xff, 0xf7, 0x0,
    0x0, 0x0, 0x0, 0x0, 0x5, 0xff, 0xff, 0x11,
    0xff, 0xff, 0x40, 0x0, 0x0, 0x0, 0x0, 0x0,
    0x2f, 0xff, 0xf4, 0x2f, 0xff, 0xf3, 0x0, 0x0,
    0x0, 0x0, 0x0, 0x1, 0xff, 0xff, 0x52, 0xff,
    0xff, 0x20, 0x0, 0x0, 0x0, 0x0, 0x0, 0xf,
    0xff, 0xf5, 0x2f, 0xff, 0xf3, 0x0, 0x0, 0x0,
    0x0, 0x0, 0x1, 0xff, 0xff, 0x50, 0xff, 0xff,
    0x50, 0x0, 0x0, 0x0, 0x0, 0x0, 0x2f, 0xff,
    0xf3, 0xe, 0xff, 0xf7, 0x0, 0x0, 0x0, 0x0,
    0x0, 0x5, 0xff, 0xff, 0x10, 0xbf, 0xff, 0xc0,
    0x0, 0x0, 0x0, 0x0, 0x0, 0x9f, 0xff, 0xd0,
    0x6, 0xff, 0xff, 0x30, 0x0, 0x0, 0x0, 0x0,
    0x1f, 0xff, 0xf8, 0x0, 0xf, 0xff, 0xfd, 0x10,
    0x0, 0x0, 0x0, 0xb, 0xff, 0xff, 0x20, 0x0,
    0x7f, 0xff, 0xfd, 0x40, 0x0, 0x0, 0x2b, 0xff,
    0xff, 0xa0, 0x0, 0x0, 0xcf, 0xff, 0xff, 0xea,
    0x9a, 0xdf, 0xff, 0xff, 0xd1, 0x0, 0x0, 0x1,
    0xcf, 0xff, 0xff, 0xff, 0xff, 0xff, 0xff, 0xd2,
    0x0, 0x0, 0x0, 0x0, 0x7f, 0xff, 0xff, 0xff,
    0xff, 0xff, 0x90, 0x0, 0x0, 0x0, 0x0, 0x0,
    0x16, 0xad, 0xff, 0xff, 0xff, 0xb0, 0x0, 0x0,
    0x0, 0x0, 0x0, 0x0, 0x0, 0x0, 0x5, 0xff,
    0xff, 0xa0, 0x0, 0x0, 0x0, 0x0, 0x0, 0x0,
    0x0, 0x0, 0x8, 0xff, 0xff, 0x90, 0x0, 0x0,
    0x0, 0x0, 0x0, 0x0, 0x0, 0x0, 0xb, 0xff,
    0xff, 0x80, 0x0, 0x0, 0x0, 0x0, 0x0, 0x0,
    0x0, 0x0, 0xd, 0xff, 0xff, 0x70, 0x0, 0x0,
    0x0, 0x0, 0x0, 0x0, 0x0, 0x0, 0x2e, 0xff,
    0xff, 0x60,

    /* U+0052 "R" */
    0x2f, 0xff, 0xff, 0xff, 0xfe, 0xc9, 0x30, 0x0,
    0x0, 0x2, 0xff, 0xff, 0xff, 0xff, 0xff, 0xff,
    0xc2, 0x0, 0x0, 0x2f, 0xff, 0xff, 0xff, 0xff,
    0xff, 0xff, 0xe1, 0x0, 0x2, 0xff, 0xff, 0x66,
    0x67, 0x9e, 0xff, 0xff, 0xa0, 0x0, 0x2f, 0xff,
    0xf0, 0x0, 0x0, 0xb, 0xff, 0xff, 0x0, 0x2,
    0xff, 0xff, 0x0, 0x0, 0x0, 0x2f, 0xff, 0xf3,
    0x0, 0x2f, 0xff, 0xf0, 0x0, 0x0, 0x0, 0xff,
    0xff, 0x40, 0x2, 0xff, 0xff, 0x0, 0x0, 0x0,
    0xf, 0xff, 0xf3, 0x0, 0x2f, 0xff, 0xf0, 0x0,
    0x0, 0x3, 0xff, 0xff, 0x10, 0x2, 0xff, 0xff,
    0x0, 0x0, 0x0, 0xcf, 0xff, 0xb0, 0x0, 0x2f,
    0xff, 0xf5, 0x55, 0x69, 0xef, 0xff, 0xf2, 0x0,
    0x2, 0xff, 0xff, 0xff, 0xff, 0xff, 0xff, 0xe4,
    0x0, 0x0, 0x2f, 0xff, 0xff, 0xff, 0xff, 0xff,
    0xa1, 0x0, 0x0, 0x2, 0xff, 0xff, 0xff, 0xff,
    0xff, 0xf6, 0x0, 0x0, 0x0, 0x2f, 0xff, 0xf0,
    0x0, 0x4f, 0xff, 0xf1, 0x0, 0x0, 0x2, 0xff,
    0xff, 0x0, 0x0, 0xbf, 0xff, 0xa0, 0x0, 0x0,
    0x2f, 0xff, 0xf0, 0x0, 0x2, 0xff, 0xff, 0x50,
    0x0, 0x2, 0xff, 0xff, 0x0, 0x0, 0x8, 0xff,
    0xfe, 0x0, 0x0, 0x2f, 0xff, 0xf0, 0x0, 0x0,
    0xe, 0xff, 0xf9, 0x0, 0x2, 0xff, 0xff, 0x0,
    0x0, 0x0, 0x5f, 0xff, 0xf3, 0x0, 0x2f, 0xff,
    0xf0, 0x0, 0x0, 0x0, 0xcf, 0xff, 0xd0, 0x2,
    0xff, 0xff, 0x0, 0x0, 0x0, 0x3, 0xff, 0xff,
    0x70, 0x2f, 0xff, 0xf0, 0x0, 0x0, 0x0, 0x9,
    0xff, 0xff, 0x20,

    /* U+0053 "S" */
    0x0, 0x0, 0x4a, 0xdf, 0xff, 0xda, 0x61, 0x0,
    0x0, 0x2c, 0xff, 0xff, 0xff, 0xff, 0xff, 0xa0,
    0x1, 0xef, 0xff, 0xff, 0xff, 0xff, 0xff, 0x90,
    0xa, 0xff, 0xff, 0xd9, 0x89, 0xcf, 0xff, 0x20,
    0xf, 0xff, 0xf8, 0x0, 0x0, 0x1, 0x59, 0x0,
    0x2f, 0xff, 0xf0, 0x0, 0x0, 0x0, 0x0, 0x0,
    0x2f, 0xff, 0xe0, 0x0, 0x0, 0x0, 0x0, 0x0,
    0x1f, 0xff, 0xf4, 0x0, 0x0, 0x0, 0x0, 0x0,
    0xb, 0xff, 0xff, 0x50, 0x0, 0x0, 0x0, 0x0,
    0x3, 0xff, 0xff, 0xfd, 0x50, 0x0, 0x0, 0x0,
    0x0, 0x5f, 0xff, 0xff, 0xfe, 0x70, 0x0, 0x0,
    0x0, 0x2, 0xcf, 0xff, 0xff, 0xfe, 0x50, 0x0,
    0x0, 0x0, 0x4, 0xbf, 0xff, 0xff, 0xf9, 0x0,
    0x0, 0x0, 0x0, 0x2, 0x9f, 0xff, 0xff, 0x60,
    0x0, 0x0, 0x0, 0x0, 0x2, 0xdf, 0xff, 0xe0,
    0x0, 0x0, 0x0, 0x0, 0x0, 0x2f, 0xff, 0xf2,
    0x0, 0x0, 0x0, 0x0, 0x0, 0xd, 0xff, 0xf3,
    0x0, 0x0, 0x0, 0x0, 0x0, 0xe, 0xff, 0xf2,
    0x7b, 0x61, 0x0, 0x0, 0x0, 0x8f, 0xff, 0xf0,
    0x7f, 0xff, 0xca, 0x88, 0x9e, 0xff, 0xff, 0x80,
    0x7f, 0xff, 0xff, 0xff, 0xff, 0xff, 0xfc, 0x0,
    0x5f, 0xff, 0xff, 0xff, 0xff, 0xff, 0xa0, 0x0,
    0x1, 0x6a, 0xdf, 0xff, 0xec, 0x82, 0x0, 0x0,

    /* U+0054 "T" */
    0x7f, 0xff, 0xff, 0xff, 0xff, 0xff, 0xff, 0xff,
    0xfb, 0x7f, 0xff, 0xff, 0xff, 0xff, 0xff, 0xff,
    0xff, 0xfb, 0x7f, 0xff, 0xff, 0xff, 0xff, 0xff,
    0xff, 0xff, 0xfb, 0x49, 0x99, 0x99, 0x9f, 0xff,
    0xfa, 0x99, 0x99, 0x96, 0x0, 0x0, 0x0, 0xf,
    0xff, 0xf2, 0x0, 0x0, 0x0, 0x0, 0x0, 0x0,
    0xf, 0xff, 0xf2, 0x0, 0x0, 0x0, 0x0, 0x0,
    0x0, 0xf, 0xff, 0xf2, 0x0, 0x0, 0x0, 0x0,
    0x0, 0x0, 0xf, 0xff, 0xf2, 0x0, 0x0, 0x0,
    0x0, 0x0, 0x0, 0xf, 0xff, 0xf2, 0x0, 0x0,
    0x0, 0x0, 0x0, 0x0, 0xf, 0xff, 0xf2, 0x0,
    0x0, 0x0, 0x0, 0x0, 0x0, 0xf, 0xff, 0xf2,
    0x0, 0x0, 0x0, 0x0, 0x0, 0x0, 0xf, 0xff,
    0xf2, 0x0, 0x0, 0x0, 0x0, 0x0, 0x0, 0xf,
    0xff, 0xf2, 0x0, 0x0, 0x0, 0x0, 0x0, 0x0,
    0xf, 0xff, 0xf2, 0x0, 0x0, 0x0, 0x0, 0x0,
    0x0, 0xf, 0xff, 0xf2, 0x0, 0x0, 0x0, 0x0,
    0x0, 0x0, 0xf, 0xff, 0xf2, 0x0, 0x0, 0x0,
    0x0, 0x0, 0x0, 0xf, 0xff, 0xf2, 0x0, 0x0,
    0x0, 0x0, 0x0, 0x0, 0xf, 0xff, 0xf2, 0x0,
    0x0, 0x0, 0x0, 0x0, 0x0, 0xf, 0xff, 0xf2,
    0x0, 0x0, 0x0, 0x0, 0x0, 0x0, 0xf, 0xff,
    0xf2, 0x0, 0x0, 0x0, 0x0, 0x0, 0x0, 0xf,
    0xff, 0xf2, 0x0, 0x0, 0x0, 0x0, 0x0, 0x0,
    0xf, 0xff, 0xf2, 0x0, 0x0, 0x0, 0x0, 0x0,
    0x0, 0xf, 0xff, 0xf2, 0x0, 0x0, 0x0,

    /* U+0055 "U" */
    0x3f, 0xff, 0xe0, 0x0, 0x0, 0x0, 0x0, 0xf,
    0xff, 0xf1, 0x3f, 0xff, 0xe0, 0x0, 0x0, 0x0,
    0x0, 0xf, 0xff, 0xf1, 0x3f, 0xff, 0xe0, 0x0,
    0x0, 0x0, 0x0, 0xf, 0xff, 0xf1, 0x3f, 0xff,
    0xe0, 0x0, 0x0, 0x0, 0x0, 0xf, 0xff, 0xf1,
    0x3f, 0xff, 0xe0, 0x0, 0x0, 0x0, 0x0, 0xf,
    0xff, 0xf1, 0x3f, 0xff, 0xe0, 0x0, 0x0, 0x0,
    0x0, 0xf, 0xff, 0xf1, 0x3f, 0xff, 0xe0, 0x0,
    0x0, 0x0, 0x0, 0xf, 0xff, 0xf1, 0x3f, 0xff,
    0xe0, 0x0, 0x0, 0x0, 0x0, 0xf, 0xff, 0xf1,
    0x3f, 0xff, 0xe0, 0x0, 0x0, 0x0, 0x0, 0xf,
    0xff, 0xf1, 0x3f, 0xff, 0xe0, 0x0, 0x0, 0x0,
    0x0, 0xf, 0xff, 0xf1, 0x3f, 0xff, 0xe0, 0x0,
    0x0, 0x0, 0x0, 0xf, 0xff, 0xf1, 0x3f, 0xff,
    0xe0, 0x0, 0x0, 0x0, 0x0, 0xf, 0xff, 0xf1,
    0x3f, 0xff, 0xe0, 0x0, 0x0, 0x0, 0x0, 0xf,
    0xff, 0xf1, 0x3f, 0xff, 0xe0, 0x0, 0x0, 0x0,
    0x0, 0xf, 0xff, 0xf1, 0x3f, 0xff, 0xe0, 0x0,
    0x0, 0x0, 0x0, 0xf, 0xff, 0xf1, 0x2f, 0xff,
    0xf0, 0x0, 0x0, 0x0, 0x0, 0x1f, 0xff, 0xf0,
    0xf, 0xff, 0xf3, 0x0, 0x0, 0x0, 0x0, 0x5f,
    0xff, 0xe0, 0xd, 0xff, 0xfa, 0x0, 0x0, 0x0,
    0x0, 0xcf, 0xff, 0xa0, 0x6, 0xff, 0xff, 0x90,
    0x0, 0x0, 0xa, 0xff, 0xff, 0x40, 0x0, 0xdf,
    0xff, 0xff, 0xb9, 0x9b, 0xff, 0xff, 0xfb, 0x0,
    0x0, 0x2e, 0xff, 0xff, 0xff, 0xff, 0xff, 0xff,
    0xd1, 0x0, 0x0, 0x2, 0xcf, 0xff, 0xff, 0xff,
    0xff, 0xf9, 0x0, 0x0, 0x0, 0x0, 0x4, 0x9c,
    0xef, 0xfe, 0xc8, 0x20, 0x0, 0x0,

    /* U+0056 "V" */
    0xdf, 0xff, 0x50, 0x0, 0x0, 0x0, 0x0, 0x2,
    0xff, 0xff, 0x7, 0xff, 0xfa, 0x0, 0x0, 0x0,
    0x0, 0x0, 0x7f, 0xff, 0xa0, 0x2f, 0xff, 0xf0,
    0x0, 0x0, 0x0, 0x0, 0xd, 0xff, 0xf5, 0x0,
    0xcf, 0xff, 0x50, 0x0, 0x0, 0x0, 0x2, 0xff,
    0xff, 0x0, 0x7, 0xff, 0xfa, 0x0, 0x0, 0x0,
    0x0, 0x7f, 0xff, 0xa0, 0x0, 0x1f, 0xff, 0xf0,
    0x0, 0x0, 0x0, 0xc, 0xff, 0xf4, 0x0, 0x0,
    0xcf, 0xff, 0x50, 0x0, 0x0, 0x2, 0xff, 0xfe,
    0x0, 0x0, 0x6, 0xff, 0xfa, 0x0, 0x0, 0x0,
    0x7f, 0xff, 0x90, 0x0, 0x0, 0x1f, 0xff, 0xf0,
    0x0, 0x0, 0xc, 0xff, 0xf4, 0x0, 0x0, 0x0,
    0xbf, 0xff, 0x40, 0x0, 0x1, 0xff, 0xfe, 0x0,
    0x0, 0x0, 0x6, 0xff, 0xf9, 0x0, 0x0, 0x6f,
    0xff, 0x90, 0x0, 0x0, 0x0, 0x1f, 0xff, 0xe0,
    0x0, 0xc, 0xff, 0xf3, 0x0, 0x0, 0x0, 0x0,
    0xbf, 0xff, 0x40, 0x1, 0xff, 0xfe, 0x0, 0x0,
    0x0, 0x0, 0x5, 0xff, 0xf9, 0x0, 0x6f, 0xff,
    0x80, 0x0, 0x0, 0x0, 0x0, 0xf, 0xff, 0xe0,
    0xb, 0xff, 0xf3, 0x0, 0x0, 0x0, 0x0, 0x0,
    0xaf, 0xff, 0x30, 0xff, 0xfd, 0x0, 0x0, 0x0,
    0x0, 0x0, 0x5, 0xff, 0xf8, 0x4f, 0xff, 0x80,
    0x0, 0x0, 0x0, 0x0, 0x0, 0xf, 0xff, 0xc9,
    0xff, 0xf2, 0x0, 0x0, 0x0, 0x0, 0x0, 0x0,
    0xaf, 0xff, 0xcf, 0xfd, 0x0, 0x0, 0x0, 0x0,
    0x0, 0x0, 0x4, 0xff, 0xff, 0xff, 0x70, 0x0,
    0x0, 0x0, 0x0, 0x0, 0x0, 0xe, 0xff, 0xff,
    0xf2, 0x0, 0x0, 0x0, 0x0, 0x0, 0x0, 0x0,
    0x9f, 0xff, 0xfc, 0x0, 0x0, 0x0, 0x0, 0x0,
    0x0, 0x0, 0x4, 0xff, 0xff, 0x70, 0x0, 0x0,
    0x0, 0x0,

    /* U+0057 "W" */
    0xbf, 0xff, 0x50, 0x0, 0x0, 0x0, 0xe, 0xff,
    0xf5, 0x0, 0x0, 0x0, 0x0, 0xef, 0xff, 0x37,
    0xff, 0xf9, 0x0, 0x0, 0x0, 0x3, 0xff, 0xff,
    0x90, 0x0, 0x0, 0x0, 0x2f, 0xff, 0xf0, 0x3f,
    0xff, 0xd0, 0x0, 0x0, 0x0, 0x7f, 0xff, 0xfd,
    0x0, 0x0, 0x0, 0x5, 0xff, 0xfb, 0x0, 0xff,
    0xff, 0x10, 0x0, 0x0, 0xb, 0xff, 0xff, 0xf2,
    0x0, 0x0, 0x0, 0x9f, 0xff, 0x70, 0xb, 0xff,
    0xf5, 0x0, 0x0, 0x0, 0xff, 0xff, 0xff, 0x60,
    0x0, 0x0, 0xd, 0xff, 0xf3, 0x0, 0x7f, 0xff,
    0x90, 0x0, 0x0, 0x4f, 0xff, 0xcf, 0xfb, 0x0,
    0x0, 0x1, 0xff, 0xfe, 0x0, 0x2, 0xff, 0xfc,
    0x0, 0x0, 0x8, 0xff, 0xe7, 0xff, 0xf0, 0x0,
    0x0, 0x5f, 0xff, 0xa0, 0x0, 0xe, 0xff, 0xf0,
    0x0, 0x0, 0xdf, 0xfa, 0x4f, 0xff, 0x30, 0x0,
    0x8, 0xff, 0xf6, 0x0, 0x0, 0xaf, 0xff, 0x40,
    0x0, 0x1f, 0xff, 0x70, 0xff, 0xf8, 0x0, 0x0,
    0xcf, 0xff, 0x20, 0x0, 0x6, 0xff, 0xf8, 0x0,
    0x5, 0xff, 0xf3, 0xc, 0xff, 0xc0, 0x0, 0xf,
    0xff, 0xe0, 0x0, 0x0, 0x2f, 0xff, 0xc0, 0x0,
    0xaf, 0xfe, 0x0, 0x8f, 0xff, 0x10, 0x4, 0xff,
    0xfa, 0x0, 0x0, 0x0, 0xef, 0xff, 0x0, 0xe,
    0xff, 0xa0, 0x4, 0xff, 0xf5, 0x0, 0x8f, 0xff,
    0x60, 0x0, 0x0, 0xa, 0xff, 0xf3, 0x2, 0xff,
    0xf6, 0x0, 0xf, 0xff, 0x90, 0xb, 0xff, 0xf2,
    0x0, 0x0, 0x0, 0x6f, 0xff, 0x70, 0x7f, 0xff,
    0x20, 0x0, 0xbf, 0xfe, 0x0, 0xff, 0xfd, 0x0,
    0x0, 0x0, 0x2, 0xff, 0xfb, 0xa, 0xff, 0xd0,
    0x0, 0x6, 0xff, 0xf2, 0x3f, 0xff, 0x90, 0x0,
    0x0, 0x0, 0xe, 0xff, 0xe0, 0xef, 0xf9, 0x0,
    0x0, 0x2f, 0xff, 0x56, 0xff, 0xf5, 0x0, 0x0,
    0x0, 0x0, 0x9f, 0xff, 0x3f, 0xff, 0x50, 0x0,
    0x0, 0xef, 0xf9, 0xaf, 0xff, 0x10, 0x0, 0x0,
    0x0, 0x5, 0xff, 0xf9, 0xff, 0xf1, 0x0, 0x0,
    0x9, 0xff, 0xcc, 0xff, 0xd0, 0x0, 0x0, 0x0,
    0x0, 0x1f, 0xff, 0xef, 0xfc, 0x0, 0x0, 0x0,
    0x5f, 0xfe, 0xff, 0xf9, 0x0, 0x0, 0x0, 0x0,
    0x0, 0xdf, 0xff, 0xff, 0x80, 0x0, 0x0, 0x1,
    0xff, 0xff, 0xff, 0x50, 0x0, 0x0, 0x0, 0x0,
    0x9, 0xff, 0xff, 0xf4, 0x0, 0x0, 0x0, 0xc,
    0xff, 0xff, 0xf1, 0x0, 0x0, 0x0, 0x0, 0x0,
    0x5f, 0xff, 0xff, 0x0, 0x0, 0x0, 0x0, 0x8f,
    0xff, 0xfd, 0x0, 0x0, 0x0, 0x0, 0x0, 0x1,
    0xff, 0xff, 0xb0, 0x0, 0x0, 0x0, 0x3, 0xff,
    0xff, 0x80, 0x0, 0x0, 0x0,

    /* U+0058 "X" */
    0x2f, 0xff, 0xf7, 0x0, 0x0, 0x0, 0x0, 0x2f,
    0xff, 0xf6, 0x0, 0x7f, 0xff, 0xf1, 0x0, 0x0,
    0x0, 0xb, 0xff, 0xfc, 0x0, 0x0, 0xcf, 0xff,
    0xa0, 0x0, 0x0, 0x4, 0xff, 0xff, 0x30, 0x0,
    0x3, 0xff, 0xff, 0x40, 0x0, 0x0, 0xdf, 0xff,
    0x80, 0x0, 0x0, 0x8, 0xff, 0xfd, 0x0, 0x0,
    0x8f, 0xff, 0xd0, 0x0, 0x0, 0x0, 0xd, 0xff,
    0xf8, 0x0, 0x2f, 0xff, 0xf4, 0x0, 0x0, 0x0,
    0x0, 0x4f, 0xff, 0xf2, 0xb, 0xff, 0xfa, 0x0,
    0x0, 0x0, 0x0, 0x0, 0xaf, 0xff, 0xb5, 0xff,
    0xfe, 0x10, 0x0, 0x0, 0x0, 0x0, 0x1, 0xef,
    0xff, 0xff, 0xff, 0x60, 0x0, 0x0, 0x0, 0x0,
    0x0, 0x5, 0xff, 0xff, 0xff, 0xb0, 0x0, 0x0,
    0x0, 0x0, 0x0, 0x0, 0xb, 0xff, 0xff, 0xf2,
    0x0, 0x0, 0x0, 0x0, 0x0, 0x0, 0x0, 0x9f,
    0xff, 0xfd, 0x0, 0x0, 0x0, 0x0, 0x0, 0x0,
    0x0, 0x3f, 0xff, 0xff, 0xf7, 0x0, 0x0, 0x0,
    0x0, 0x0, 0x0, 0xd, 0xff, 0xff, 0xff, 0xf2,
    0x0, 0x0, 0x0, 0x0, 0x0, 0x7, 0xff, 0xfd,
    0xaf, 0xff, 0xc0, 0x0, 0x0, 0x0, 0x0, 0x2,
    0xff, 0xff, 0x31, 0xff, 0xff, 0x60, 0x0, 0x0,
    0x0, 0x0, 0xcf, 0xff, 0xa0, 0x6, 0xff, 0xff,
    0x10, 0x0, 0x0, 0x0, 0x6f, 0xff, 0xe1, 0x0,
    0xc, 0xff, 0xfb, 0x0, 0x0, 0x0, 0x1f, 0xff,
    0xf6, 0x0, 0x0, 0x3f, 0xff, 0xf5, 0x0, 0x0,
    0xa, 0xff, 0xfc, 0x0, 0x0, 0x0, 0x9f, 0xff,
    0xe1, 0x0, 0x5, 0xff, 0xff, 0x30, 0x0, 0x0,
    0x1, 0xef, 0xff, 0xa0, 0x0, 0xef, 0xff, 0x90,
    0x0, 0x0, 0x0, 0x5, 0xff, 0xff, 0x40, 0x9f,
    0xff, 0xe0, 0x0, 0x0, 0x0, 0x0, 0xc, 0xff,
    0xfe, 0x10,

    /* U+0059 "Y" */
    0xbf, 0xff, 0xc0, 0x0, 0x0, 0x0, 0x0, 0x6f,
    0xff, 0xf1, 0x3f, 0xff, 0xf4, 0x0, 0x0, 0x0,
    0x0, 0xef, 0xff, 0x70, 0xa, 0xff, 0xfc, 0x0,
    0x0, 0x0, 0x6, 0xff, 0xfe, 0x0, 0x2, 0xff,
    0xff, 0x40, 0x0, 0x0, 0xe, 0xff, 0xf6, 0x0,
    0x0, 0x9f, 0xff, 0xc0, 0x0, 0x0, 0x6f, 0xff,
    0xd0, 0x0, 0x0, 0x1f, 0xff, 0xf3, 0x0, 0x0,
    0xef, 0xff, 0x50, 0x0, 0x0, 0x8, 0xff, 0xfb,
    0x0, 0x6, 0xff, 0xfc, 0x0, 0x0, 0x0, 0x1,
    0xef, 0xff, 0x30, 0xe, 0xff, 0xf4, 0x0, 0x0,
    0x0, 0x0, 0x7f, 0xff, 0xb0, 0x6f, 0xff, 0xb0,
    0x0, 0x0, 0x0, 0x0, 0xe, 0xff, 0xf3, 0xef,
    0xff, 0x20, 0x0, 0x0, 0x0, 0x0, 0x6, 0xff,
    0xfe, 0xff, 0xfa, 0x0, 0x0, 0x0, 0x0, 0x0,
    0x0, 0xdf, 0xff, 0xff, 0xf1, 0x0, 0x0, 0x0,
    0x0, 0x0, 0x0, 0x5f, 0xff, 0xff, 0x80, 0x0,
    0x0, 0x0, 0x0, 0x0, 0x0, 0xc, 0xff, 0xff,
    0x10, 0x0, 0x0, 0x0, 0x0, 0x0, 0x0, 0x6,
    0xff, 0xfb, 0x0, 0x0, 0x0, 0x0, 0x0, 0x0,
    0x0, 0x6, 0xff, 0xfb, 0x0, 0x0, 0x0, 0x0,
    0x0, 0x0, 0x0, 0x6, 0xff, 0xfb, 0x0, 0x0,
    0x0, 0x0, 0x0, 0x0, 0x0, 0x6, 0xff, 0xfb,
    0x0, 0x0, 0x0, 0x0, 0x0, 0x0, 0x0, 0x6,
    0xff, 0xfb, 0x0, 0x0, 0x0, 0x0, 0x0, 0x0,
    0x0, 0x6, 0xff, 0xfb, 0x0, 0x0, 0x0, 0x0,
    0x0, 0x0, 0x0, 0x6, 0xff, 0xfb, 0x0, 0x0,
    0x0, 0x0, 0x0, 0x0, 0x0, 0x6, 0xff, 0xfb,
    0x0, 0x0, 0x0, 0x0, 0x0, 0x0, 0x0, 0x6,
    0xff, 0xfb, 0x0, 0x0, 0x0, 0x0,

    /* U+005A "Z" */
    0xc, 0xff, 0xff, 0xff, 0xff, 0xff, 0xff, 0xff,
    0xf3, 0xc, 0xff, 0xff, 0xff, 0xff, 0xff, 0xff,
    0xff, 0xf3, 0xc, 0xff, 0xff, 0xff, 0xff, 0xff,
    0xff, 0xff, 0xf2, 0x6, 0x88, 0x88, 0x88, 0x88,
    0x88, 0xff, 0xff, 0xb0, 0x0, 0x0, 0x0, 0x0,
    0x0, 0x6, 0xff, 0xff, 0x10, 0x0, 0x0, 0x0,
    0x0, 0x0, 0x1f, 0xff, 0xf6, 0x0, 0x0, 0x0,
    0x0, 0x0, 0x0, 0xbf, 0xff, 0xb0, 0x0, 0x0,
    0x0, 0x0, 0x0, 0x6, 0xff, 0xfe, 0x10, 0x0,
    0x0, 0x0, 0x0, 0x0, 0x2f, 0xff, 0xf5, 0x0,
    0x0, 0x0, 0x0, 0x0, 0x0, 0xcf, 0xff, 0xa0,
    0x0, 0x0, 0x0, 0x0, 0x0, 0x7, 0xff, 0xfe,
    0x10, 0x0, 0x0, 0x0, 0x0, 0x0, 0x2f, 0xff,
    0xf4, 0x0, 0x0, 0x0, 0x0, 0x0, 0x0, 0xdf,
    0xff, 0x90, 0x0, 0x0, 0x0, 0x0, 0x0, 0x8,
    0xff, 0xfe, 0x0, 0x0, 0x0, 0x0, 0x0, 0x0,
    0x3f, 0xff, 0xf4, 0x0, 0x0, 0x0, 0x0, 0x0,
    0x0, 0xdf, 0xff, 0x90, 0x0, 0x0, 0x0, 0x0,
    0x0, 0x9, 0xff, 0xfd, 0x0, 0x0, 0x0, 0x0,
    0x0, 0x0, 0x4f, 0xff, 0xf3, 0x0, 0x0, 0x0,
    0x0, 0x0, 0x0, 0xef, 0xff, 0x80, 0x0, 0x0,
    0x0, 0x0, 0x0, 0x9, 0xff, 0xff, 0x88, 0x88,
    0x88, 0x88, 0x88, 0x84, 0x1f, 0xff, 0xff, 0xff,
    0xff, 0xff, 0xff, 0xff, 0xf8, 0x1f, 0xff, 0xff,
    0xff, 0xff, 0xff, 0xff, 0xff, 0xf8, 0x1f, 0xff,
    0xff, 0xff, 0xff, 0xff, 0xff, 0xff, 0xf8,

    /* U+005B "[" */
    0xaf, 0xff, 0xff, 0xfc, 0xaf, 0xff, 0xff, 0xfc,
    0xaf, 0xff, 0xff, 0xfb, 0xaf, 0xfe, 0x0, 0x0,
    0xaf, 0xfe, 0x0, 0x0, 0xaf, 0xfe, 0x0, 0x0,
    0xaf, 0xfe, 0x0, 0x0, 0xaf, 0xfe, 0x0, 0x0,
    0xaf, 0xfe, 0x0, 0x0, 0xaf, 0xfe, 0x0, 0x0,
    0xaf, 0xfe, 0x0, 0x0, 0xaf, 0xfe, 0x0, 0x0,
    0xaf, 0xfe, 0x0, 0x0, 0xaf, 0xfe, 0x0, 0x0,
    0xaf, 0xfe, 0x0, 0x0, 0xaf, 0xfe, 0x0, 0x0,
    0xaf, 0xfe, 0x0, 0x0, 0xaf, 0xfe, 0x0, 0x0,
    0xaf, 0xfe, 0x0, 0x0, 0xaf, 0xfe, 0x0, 0x0,
    0xaf, 0xfe, 0x0, 0x0, 0xaf, 0xfe, 0x0, 0x0,
    0xaf, 0xfe, 0x0, 0x0, 0xaf, 0xfe, 0x0, 0x0,
    0xaf, 0xfe, 0x0, 0x0, 0xaf, 0xff, 0xff, 0xfb,
    0xaf, 0xff, 0xff, 0xfc, 0xaf, 0xff, 0xff, 0xfc,

    /* U+005C "\\" */
    0x9f, 0xff, 0x30, 0x0, 0x0, 0x0, 0x3, 0xff,
    0xf9, 0x0, 0x0, 0x0, 0x0, 0xd, 0xff, 0xe0,
    0x0, 0x0, 0x0, 0x0, 0x7f, 0xff, 0x40, 0x0,
    0x0, 0x0, 0x1, 0xff, 0xfa, 0x0, 0x0, 0x0,
    0x0, 0xc, 0xff, 0xf1, 0x0, 0x0, 0x0, 0x0,
    0x6f, 0xff, 0x60, 0x0, 0x0, 0x0, 0x0, 0xff,
    0xfc, 0x0, 0x0, 0x0, 0x0, 0xa, 0xff, 0xf2,
    0x0, 0x0, 0x0, 0x0, 0x4f, 0xff, 0x80, 0x0,
    0x0, 0x0, 0x0, 0xef, 0xfe, 0x0, 0x0, 0x0,
    0x0, 0x8, 0xff, 0xf4, 0x0, 0x0, 0x0, 0x0,
    0x2f, 0xff, 0xa0, 0x0, 0x0, 0x0, 0x0, 0xcf,
    0xff, 0x0, 0x0, 0x0, 0x0, 0x6, 0xff, 0xf6,
    0x0, 0x0, 0x0, 0x0, 0x1f, 0xff, 0xc0, 0x0,
    0x0, 0x0, 0x0, 0xaf, 0xff, 0x20, 0x0, 0x0,
    0x0, 0x4, 0xff, 0xf8, 0x0, 0x0, 0x0, 0x0,
    0xe, 0xff, 0xd0, 0x0, 0x0, 0x0, 0x0, 0x9f,
    0xff, 0x40, 0x0, 0x0, 0x0, 0x3, 0xff, 0xf9,
    0x0, 0x0, 0x0, 0x0, 0xd, 0xff, 0xf0, 0x0,
    0x0, 0x0, 0x0, 0x7f, 0xff, 0x50,

    /* U+005D "]" */
    0x3f, 0xff, 0xff, 0xff, 0x33, 0xff, 0xff, 0xff,
    0xf3, 0x3f, 0xff, 0xff, 0xff, 0x30, 0x0, 0x5,
    0xff, 0xf3, 0x0, 0x0, 0x5f, 0xff, 0x30, 0x0,
    0x5, 0xff, 0xf3, 0x0, 0x0, 0x5f, 0xff, 0x30,
    0x0, 0x5, 0xff, 0xf3, 0x0, 0x0, 0x5f, 0xff,
    0x30, 0x0, 0x5, 0xff, 0xf3, 0x0, 0x0, 0x5f,
    0xff, 0x30, 0x0, 0x5, 0xff, 0xf3, 0x0, 0x0,
    0x5f, 0xff, 0x30, 0x0, 0x5, 0xff, 0xf3, 0x0,
    0x0, 0x5f, 0xff, 0x30, 0x0, 0x5, 0xff, 0xf3,
    0x0, 0x0, 0x5f, 0xff, 0x30, 0x0, 0x5, 0xff,
    0xf3, 0x0, 0x0, 0x5f, 0xff, 0x30, 0x0, 0x5,
    0xff, 0xf3, 0x0, 0x0, 0x5f, 0xff, 0x30, 0x0,
    0x5, 0xff, 0xf3, 0x0, 0x0, 0x5f, 0xff, 0x30,
    0x0, 0x5, 0xff, 0xf3, 0x0, 0x0, 0x5f, 0xff,
    0x33, 0xff, 0xff, 0xff, 0xf3, 0x3f, 0xff, 0xff,
    0xff, 0x33, 0xff, 0xff, 0xff, 0xf3,

    /* U+005E "^" */
    0x0, 0x0, 0x0, 0x7, 0xfe, 0x0, 0x0, 0x0,
    0x0, 0x0, 0x0, 0x0, 0xe, 0xff, 0x80, 0x0,
    0x0, 0x0, 0x0, 0x0, 0x0, 0x6f, 0xff, 0xf1,
    0x0, 0x0, 0x0, 0x0, 0x0, 0x0, 0xdf, 0xff,
    0xf8, 0x0, 0x0, 0x0, 0x0, 0x0, 0x4, 0xff,
    0xbf, 0xff, 0x10, 0x0, 0x0, 0x0, 0x0, 0xc,
    0xff, 0x39, 0xff, 0x80, 0x0, 0x0, 0x0, 0x0,
    0x3f, 0xfc, 0x1, 0xff, 0xf1, 0x0, 0x0, 0x0,
    0x0, 0xaf, 0xf6, 0x0, 0x9f, 0xf8, 0x0, 0x0,
    0x0, 0x2, 0xff, 0xe0, 0x0, 0x1f, 0xff, 0x10,
    0x0, 0x0, 0x9, 0xff, 0x80, 0x0, 0x9, 0xff,
    0x90, 0x0, 0x0, 0x1f, 0xff, 0x10, 0x0, 0x1,
    0xff, 0xf1, 0x0, 0x0, 0x7f, 0xfa, 0x0, 0x0,
    0x0, 0x9f, 0xf9, 0x0, 0x0, 0xef, 0xf3, 0x0,
    0x0, 0x0, 0x2f, 0xff, 0x20, 0x6, 0xff, 0xc0,
    0x0, 0x0, 0x0, 0xa, 0xff, 0x90, 0xd, 0xff,
    0x50, 0x0, 0x0, 0x0, 0x2, 0xff, 0xf2,

    /* U+005F "_" */
    0x2, 0x22, 0x22, 0x22, 0x22, 0x22, 0x22, 0x11,
    0xff, 0xff, 0xff, 0xff, 0xff, 0xff, 0xf9, 0x1f,
    0xff, 0xff, 0xff, 0xff, 0xff, 0xff, 0x90,

    /* U+0060 "`" */
    0x7f, 0xff, 0xf3, 0x0, 0x0, 0x8f, 0xff, 0xe1,
    0x0, 0x0, 0x6f, 0xff, 0xb0, 0x0, 0x0, 0x4f,
    0xff, 0x70, 0x0, 0x0, 0x2d, 0xff, 0x30,

    /* U+0061 "a" */
    0x0, 0x1, 0x5a, 0xdf, 0xff, 0xda, 0x40, 0x0,
    0x0, 0x7f, 0xff, 0xff, 0xff, 0xff, 0xf9, 0x0,
    0x0, 0x6f, 0xff, 0xff, 0xff, 0xff, 0xff, 0x70,
    0x0, 0xe, 0xe9, 0x52, 0x24, 0xdf, 0xff, 0xe0,
    0x0, 0x2, 0x0, 0x0, 0x0, 0x1f, 0xff, 0xf2,
    0x0, 0x0, 0x0, 0x0, 0x0, 0xc, 0xff, 0xf4,
    0x0, 0x0, 0x0, 0x0, 0x0, 0xb, 0xff, 0xf5,
    0x0, 0x3, 0x8c, 0xef, 0xff, 0xff, 0xff, 0xf5,
    0x0, 0xaf, 0xff, 0xff, 0xff, 0xff, 0xff, 0xf5,
    0xb, 0xff, 0xff, 0xda, 0x88, 0x8d, 0xff, 0xf5,
    0x4f, 0xff, 0xf5, 0x0, 0x0, 0xb, 0xff, 0xf5,
    0x8f, 0xff, 0xa0, 0x0, 0x0, 0xc, 0xff, 0xf5,
    0xaf, 0xff, 0x80, 0x0, 0x0, 0xf, 0xff, 0xf5,
    0x9f, 0xff, 0xb0, 0x0, 0x0, 0x8f, 0xff, 0xf5,
    0x6f, 0xff, 0xf8, 0x21, 0x4b, 0xff, 0xff, 0xf5,
    0x1e, 0xff, 0xff, 0xff, 0xff, 0xf9, 0xff, 0xf5,
    0x4, 0xff, 0xff, 0xff, 0xff, 0x60, 0xff, 0xf5,
    0x0, 0x29, 0xef, 0xfd, 0x92, 0x0, 0xbf, 0xf5,

    /* U+0062 "b" */
    0x8f, 0xff, 0x90, 0x0, 0x0, 0x0, 0x0, 0x0,
    0x8, 0xff, 0xf9, 0x0, 0x0, 0x0, 0x0, 0x0,
    0x0, 0x8f, 0xff, 0x90, 0x0, 0x0, 0x0, 0x0,
    0x0, 0x8, 0xff, 0xf9, 0x0, 0x0, 0x0, 0x0,
    0x0, 0x0, 0x8f, 0xff, 0x90, 0x0, 0x0, 0x0,
    0x0, 0x0, 0x8, 0xff, 0xf9, 0x0, 0x0, 0x0,
    0x0, 0x0, 0x0, 0x8f, 0xff, 0x80, 0x0, 0x0,
    0x0, 0x0, 0x0, 0x8, 0xff, 0xf8, 0x3, 0xae,
    0xfe, 0xb5, 0x0, 0x0, 0x8f, 0xff, 0x77, 0xff,
    0xff, 0xff, 0xfb, 0x0, 0x8, 0xff, 0xfc, 0xff,
    0xff, 0xff, 0xff, 0xfa, 0x0, 0x8f, 0xff, 0xff,
    0xc6, 0x57, 0xdf, 0xff, 0xf5, 0x8, 0xff, 0xff,
    0x90, 0x0, 0x0, 0xdf, 0xff, 0xb0, 0x8f, 0xff,
    0xf0, 0x0, 0x0, 0x4, 0xff, 0xff, 0x8, 0xff,
    0xfb, 0x0, 0x0, 0x0, 0xf, 0xff, 0xf3, 0x8f,
    0xff, 0x90, 0x0, 0x0, 0x0, 0xdf, 0xff, 0x58,
    0xff, 0xf9, 0x0, 0x0, 0x0, 0xc, 0xff, 0xf6,
    0x8f, 0xff, 0x90, 0x0, 0x0, 0x0, 0xcf, 0xff,
    0x68, 0xff, 0xfa, 0x0, 0x0, 0x0, 0xd, 0xff,
    0xf5, 0x8f, 0xff, 0xc0, 0x0, 0x0, 0x0, 0xff,
    0xff, 0x38, 0xff, 0xff, 0x10, 0x0, 0x0, 0x5f,
    0xff, 0xf0, 0x8f, 0xff, 0xfa, 0x0, 0x0, 0x1e,
    0xff, 0xfb, 0x8, 0xff, 0xff, 0xfd, 0x86, 0x8e,
    0xff, 0xff, 0x40, 0x8f, 0xff, 0xef, 0xff, 0xff,
    0xff, 0xff, 0xa0, 0x8, 0xff, 0xf1, 0xaf, 0xff,
    0xff, 0xff, 0xb0, 0x0, 0x8f, 0xfb, 0x0, 0x5b,
    0xef, 0xeb, 0x50, 0x0, 0x0,

    /* U+0063 "c" */
    0x0, 0x0, 0x5, 0xad, 0xff, 0xec, 0x83, 0x0,
    0x0, 0x3d, 0xff, 0xff, 0xff, 0xff, 0xe0, 0x0,
    0x4f, 0xff, 0xff, 0xff, 0xff, 0xf9, 0x0, 0x1e,
    0xff, 0xff, 0xa7, 0x68, 0xdf, 0x30, 0x9, 0xff,
    0xff, 0x30, 0x0, 0x0, 0x20, 0x0, 0xef, 0xff,
    0x70, 0x0, 0x0, 0x0, 0x0, 0x2f, 0xff, 0xf1,
    0x0, 0x0, 0x0, 0x0, 0x5, 0xff, 0xfd, 0x0,
    0x0, 0x0, 0x0, 0x0, 0x6f, 0xff, 0xc0, 0x0,
    0x0, 0x0, 0x0, 0x6, 0xff, 0xfc, 0x0, 0x0,
    0x0, 0x0, 0x0, 0x5f, 0xff, 0xd0, 0x0, 0x0,
    0x0, 0x0, 0x3, 0xff, 0xff, 0x10, 0x0, 0x0,
    0x0, 0x0, 0xf, 0xff, 0xf7, 0x0, 0x0, 0x0,
    0x0, 0x0, 0xaf, 0xff, 0xf3, 0x0, 0x0, 0x1,
    0x50, 0x2, 0xff, 0xff, 0xfa, 0x77, 0x8c, 0xfb,
    0x0, 0x6, 0xff, 0xff, 0xff, 0xff, 0xff, 0xb0,
    0x0, 0x6, 0xff, 0xff, 0xff, 0xff, 0xfa, 0x0,
    0x0, 0x1, 0x7b, 0xef, 0xfe, 0xa5, 0x0,

    /* U+0064 "d" */
    0x0, 0x0, 0x0, 0x0, 0x0, 0x0, 0x9f, 0xff,
    0x80, 0x0, 0x0, 0x0, 0x0, 0x0, 0x9, 0xff,
    0xf8, 0x0, 0x0, 0x0, 0x0, 0x0, 0x0, 0x9f,
    0xff, 0x80, 0x0, 0x0, 0x0, 0x0, 0x0, 0x9,
    0xff, 0xf8, 0x0, 0x0, 0x0, 0x0, 0x0, 0x0,
    0x9f, 0xff, 0x80, 0x0, 0x0, 0x0, 0x0, 0x0,
    0x9, 0xff, 0xf8, 0x0, 0x0, 0x0, 0x0, 0x0,
    0x0, 0x8f, 0xff, 0x80, 0x0, 0x5, 0xbe, 0xfe,
    0xb4, 0x8, 0xff, 0xf8, 0x0, 0xb, 0xff, 0xff,
    0xff, 0xf8, 0x7f, 0xff, 0x80, 0xa, 0xff, 0xff,
    0xff, 0xff, 0xfc, 0xff, 0xf8, 0x4, 0xff, 0xff,
    0xe8, 0x67, 0xcf, 0xff, 0xff, 0x80, 0xbf, 0xff,
    0xe2, 0x0, 0x0, 0x8f, 0xff, 0xf8, 0xf, 0xff,
    0xf6, 0x0, 0x0, 0x0, 0xef, 0xff, 0x83, 0xff,
    0xff, 0x10, 0x0, 0x0, 0x9, 0xff, 0xf8, 0x5f,
    0xff, 0xd0, 0x0, 0x0, 0x0, 0x6f, 0xff, 0x86,
    0xff, 0xfc, 0x0, 0x0, 0x0, 0x5, 0xff, 0xf8,
    0x6f, 0xff, 0xc0, 0x0, 0x0, 0x0, 0x5f, 0xff,
    0x85, 0xff, 0xfd, 0x0, 0x0, 0x0, 0x6, 0xff,
    0xf8, 0x3f, 0xff, 0xf0, 0x0, 0x0, 0x0, 0x8f,
    0xff, 0x80, 0xff, 0xff, 0x50, 0x0, 0x0, 0xc,
    0xff, 0xf8, 0xb, 0xff, 0xfe, 0x10, 0x0, 0x6,
    0xff, 0xff, 0x80, 0x5f, 0xff, 0xfe, 0x86, 0x6b,
    0xff, 0xff, 0xf8, 0x0, 0xbf, 0xff, 0xff, 0xff,
    0xff, 0xbf, 0xff, 0x80, 0x0, 0xbf, 0xff, 0xff,
    0xff, 0x71, 0xff, 0xf8, 0x0, 0x0, 0x5b, 0xff,
    0xea, 0x30, 0xc, 0xff, 0x80,

    /* U+0065 "e" */
    0x0, 0x0, 0x17, 0xce, 0xff, 0xd8, 0x20, 0x0,
    0x0, 0x0, 0x4e, 0xff, 0xff, 0xff, 0xff, 0x70,
    0x0, 0x0, 0x5f, 0xff, 0xff, 0xff, 0xff, 0xff,
    0x80, 0x0, 0x1f, 0xff, 0xfb, 0x41, 0x28, 0xff,
    0xff, 0x30, 0x8, 0xff, 0xfb, 0x0, 0x0, 0x6,
    0xff, 0xfa, 0x0, 0xef, 0xff, 0x30, 0x0, 0x0,
    0xf, 0xff, 0xe0, 0x2f, 0xff, 0xe0, 0x0, 0x0,
    0x0, 0xcf, 0xff, 0x15, 0xff, 0xff, 0xff, 0xff,
    0xff, 0xff, 0xff, 0xf2, 0x6f, 0xff, 0xff, 0xff,
    0xff, 0xff, 0xff, 0xff, 0x36, 0xff, 0xff, 0xee,
    0xee, 0xee, 0xee, 0xee, 0xe2, 0x5f, 0xff, 0xd0,
    0x0, 0x0, 0x0, 0x0, 0x0, 0x3, 0xff, 0xff,
    0x0, 0x0, 0x0, 0x0, 0x0, 0x0, 0xe, 0xff,
    0xf5, 0x0, 0x0, 0x0, 0x0, 0x0, 0x0, 0x9f,
    0xff, 0xe2, 0x0, 0x0, 0x0, 0x2, 0x10, 0x1,
    0xef, 0xff, 0xf9, 0x43, 0x35, 0x8c, 0xf4, 0x0,
    0x4, 0xff, 0xff, 0xff, 0xff, 0xff, 0xff, 0x40,
    0x0, 0x3, 0xdf, 0xff, 0xff, 0xff, 0xff, 0xf3,
    0x0, 0x0, 0x0, 0x5a, 0xdf, 0xff, 0xeb, 0x72,
    0x0,

    /* U+0066 "f" */
    0x0, 0x0, 0x2, 0x9d, 0xff, 0xfc, 0x91, 0x0,
    0x0, 0x4f, 0xff, 0xff, 0xff, 0xf0, 0x0, 0x0,
    0xef, 0xff, 0xff, 0xff, 0xa0, 0x0, 0x5, 0xff,
    0xff, 0x95, 0x58, 0x40, 0x0, 0x8, 0xff, 0xfa,
    0x0, 0x0, 0x0, 0x0, 0xa, 0xff, 0xf6, 0x0,
    0x0, 0x0, 0x0, 0xa, 0xff, 0xf6, 0x0, 0x0,
    0x0, 0x3, 0xaf, 0xff, 0xff, 0xff, 0xf9, 0x0,
    0x6f, 0xff, 0xff, 0xff, 0xff, 0xf9, 0x0, 0x6f,
    0xff, 0xff, 0xff, 0xff, 0xf9, 0x0, 0x1, 0x1a,
    0xff, 0xf7, 0x11, 0x11, 0x0, 0x0, 0xa, 0xff,
    0xf6, 0x0, 0x0, 0x0, 0x0, 0xa, 0xff, 0xf6,
    0x0, 0x0, 0x0, 0x0, 0xa, 0xff, 0xf6, 0x0,
    0x0, 0x0, 0x0, 0xa, 0xff, 0xf6, 0x0, 0x0,
    0x0, 0x0, 0xa, 0xff, 0xf6, 0x0, 0x0, 0x0,
    0x0, 0xa, 0xff, 0xf6, 0x0, 0x0, 0x0, 0x0,
    0xa, 0xff, 0xf6, 0x0, 0x0, 0x0, 0x0, 0xa,
    0xff, 0xf6, 0x0, 0x0, 0x0, 0x0, 0xa, 0xff,
    0xf6, 0x0, 0x0, 0x0, 0x0, 0xa, 0xff, 0xf6,
    0x0, 0x0, 0x0, 0x0, 0xa, 0xff, 0xf6, 0x0,
    0x0, 0x0, 0x0, 0xa, 0xff, 0xf6, 0x0, 0x0,
    0x0, 0x0, 0xa, 0xff, 0xf6, 0x0, 0x0, 0x0,
    0x0, 0xa, 0xff, 0xf6, 0x0, 0x0, 0x0,

    /* U+0067 "g" */
    0x0, 0x0, 0x5b, 0xef, 0xeb, 0x40, 0xf, 0xff,
    0x80, 0x0, 0xaf, 0xff, 0xff, 0xff, 0x91, 0xff,
    0xf8, 0x0, 0x9f, 0xff, 0xff, 0xff, 0xff, 0xcf,
    0xff, 0x80, 0x4f, 0xff, 0xfe, 0x75, 0x6b, 0xff,
    0xff, 0xf8, 0xb, 0xff, 0xfe, 0x10, 0x0, 0x7,
    0xff, 0xff, 0x80, 0xff, 0xff, 0x60, 0x0, 0x0,
    0xd, 0xff, 0xf8, 0x3f, 0xff, 0xf0, 0x0, 0x0,
    0x0, 0x8f, 0xff, 0x85, 0xff, 0xfd, 0x0, 0x0,
    0x0, 0x6, 0xff, 0xf8, 0x6f, 0xff, 0xc0, 0x0,
    0x0, 0x0, 0x5f, 0xff, 0x86, 0xff, 0xfc, 0x0,
    0x0, 0x0, 0x4, 0xff, 0xf8, 0x5f, 0xff, 0xd0,
    0x0, 0x0, 0x0, 0x5f, 0xff, 0x83, 0xff, 0xff,
    0x0, 0x0, 0x0, 0x7, 0xff, 0xf8, 0xf, 0xff,
    0xf5, 0x0, 0x0, 0x0, 0xbf, 0xff, 0x80, 0xbf,
    0xff, 0xd1, 0x0, 0x0, 0x5f, 0xff, 0xf8, 0x4,
    0xff, 0xff, 0xe7, 0x55, 0xaf, 0xff, 0xff, 0x80,
    0xa, 0xff, 0xff, 0xff, 0xff, 0xfc, 0xff, 0xf8,
    0x0, 0xb, 0xff, 0xff, 0xff, 0xf7, 0x7f, 0xff,
    0x80, 0x0, 0x5, 0xbf, 0xfe, 0xa3, 0x8, 0xff,
    0xf8, 0x0, 0x0, 0x0, 0x0, 0x0, 0x0, 0x8f,
    0xff, 0x80, 0x0, 0x0, 0x0, 0x0, 0x0, 0xa,
    0xff, 0xf7, 0x0, 0x0, 0x0, 0x0, 0x0, 0x0,
    0xef, 0xff, 0x40, 0x37, 0x10, 0x0, 0x0, 0x0,
    0xaf, 0xff, 0xf1, 0x4, 0xff, 0xc8, 0x65, 0x57,
    0xdf, 0xff, 0xf9, 0x0, 0x4f, 0xff, 0xff, 0xff,
    0xff, 0xff, 0xfd, 0x10, 0x4, 0xff, 0xff, 0xff,
    0xff, 0xff, 0xfc, 0x10, 0x0, 0x3, 0x8b, 0xdf,
    0xff, 0xfd, 0x94, 0x0, 0x0,

    /* U+0068 "h" */
    0x8f, 0xff, 0x90, 0x0, 0x0, 0x0, 0x0, 0x0,
    0x8, 0xff, 0xf9, 0x0, 0x0, 0x0, 0x0, 0x0,
    0x0, 0x8f, 0xff, 0x90, 0x0, 0x0, 0x0, 0x0,
    0x0, 0x8, 0xff, 0xf9, 0x0, 0x0, 0x0, 0x0,
    0x0, 0x0, 0x8f, 0xff, 0x90, 0x0, 0x0, 0x0,
    0x0, 0x0, 0x8, 0xff, 0xf9, 0x0, 0x0, 0x0,
    0x0, 0x0, 0x0, 0x8f, 0xff, 0x80, 0x0, 0x0,
    0x0, 0x0, 0x0, 0x8, 0xff, 0xf8, 0x3, 0xae,
    0xff, 0xd8, 0x10, 0x0, 0x8f, 0xff, 0x77, 0xff,
    0xff, 0xff, 0xff, 0x40, 0x8, 0xff, 0xfb, 0xff,
    0xff, 0xff, 0xff, 0xff, 0x10, 0x8f, 0xff, 0xff,
    0xd7, 0x56, 0xcf, 0xff, 0xf8, 0x8, 0xff, 0xff,
    0xc0, 0x0, 0x0, 0xbf, 0xff, 0xd0, 0x8f, 0xff,
    0xf2, 0x0, 0x0, 0x4, 0xff, 0xff, 0x8, 0xff,
    0xfd, 0x0, 0x0, 0x0, 0x1f, 0xff, 0xf0, 0x8f,
    0xff, 0xa0, 0x0, 0x0, 0x0, 0xff, 0xff, 0x8,
    0xff, 0xf9, 0x0, 0x0, 0x0, 0xf, 0xff, 0xf0,
    0x8f, 0xff, 0x90, 0x0, 0x0, 0x0, 0xff, 0xff,
    0x8, 0xff, 0xf9, 0x0, 0x0, 0x0, 0xf, 0xff,
    0xf0, 0x8f, 0xff, 0x90, 0x0, 0x0, 0x0, 0xff,
    0xff, 0x8, 0xff, 0xf9, 0x0, 0x0, 0x0, 0xf,
    0xff, 0xf0, 0x8f, 0xff, 0x90, 0x0, 0x0, 0x0,
    0xff, 0xff, 0x8, 0xff, 0xf9, 0x0, 0x0, 0x0,
    0xf, 0xff, 0xf0, 0x8f, 0xff, 0x90, 0x0, 0x0,
    0x0, 0xff, 0xff, 0x8, 0xff, 0xf9, 0x0, 0x0,
    0x0, 0xf, 0xff, 0xf0, 0x8f, 0xff, 0x90, 0x0,
    0x0, 0x0, 0xff, 0xff, 0x0,

    /* U+0069 "i" */
    0x2c, 0xfd, 0x39, 0xff, 0xfb, 0xaf, 0xff, 0xc5,
    0xff, 0xf6, 0x2, 0x53, 0x0, 0x0, 0x0, 0x0,
    0x0, 0x8, 0xff, 0xf9, 0x8f, 0xff, 0x98, 0xff,
    0xf9, 0x8f, 0xff, 0x98, 0xff, 0xf9, 0x8f, 0xff,
    0x98, 0xff, 0xf9, 0x8f, 0xff, 0x98, 0xff, 0xf9,
    0x8f, 0xff, 0x98, 0xff, 0xf9, 0x8f, 0xff, 0x98,
    0xff, 0xf9, 0x8f, 0xff, 0x98, 0xff, 0xf9, 0x8f,
    0xff, 0x98, 0xff, 0xf9, 0x8f, 0xff, 0x90,

    /* U+006A "j" */
    0x0, 0x0, 0x2c, 0xfd, 0x30, 0x0, 0x9, 0xff,
    0xfb, 0x0, 0x0, 0xaf, 0xff, 0xc0, 0x0, 0x5,
    0xff, 0xf6, 0x0, 0x0, 0x2, 0x52, 0x0, 0x0,
    0x0, 0x0, 0x0, 0x0, 0x0, 0x0, 0x0, 0x0,
    0x0, 0x8, 0xff, 0xf9, 0x0, 0x0, 0x8f, 0xff,
    0x90, 0x0, 0x8, 0xff, 0xf9, 0x0, 0x0, 0x8f,
    0xff, 0x90, 0x0, 0x8, 0xff, 0xf9, 0x0, 0x0,
    0x8f, 0xff, 0x90, 0x0, 0x8, 0xff, 0xf9, 0x0,
    0x0, 0x8f, 0xff, 0x90, 0x0, 0x8, 0xff, 0xf9,
    0x0, 0x0, 0x8f, 0xff, 0x90, 0x0, 0x8, 0xff,
    0xf9, 0x0, 0x0, 0x8f, 0xff, 0x90, 0x0, 0x8,
    0xff, 0xf9, 0x0, 0x0, 0x8f, 0xff, 0x90, 0x0,
    0x8, 0xff, 0xf9, 0x0, 0x0, 0x8f, 0xff, 0x90,
    0x0, 0x8, 0xff, 0xf9, 0x0, 0x0, 0x8f, 0xff,
    0x90, 0x0, 0x8, 0xff, 0xf9, 0x0, 0x0, 0x8f,
    0xff, 0x90, 0x0, 0x8, 0xff, 0xf8, 0x0, 0x0,
    0xcf, 0xff, 0x76, 0x66, 0xbf, 0xff, 0xf3, 0xbf,
    0xff, 0xff, 0xfd, 0xb, 0xff, 0xff, 0xfe, 0x30,
    0x7d, 0xff, 0xd9, 0x10, 0x0,

    /* U+006B "k" */
    0x6f, 0xff, 0x90, 0x0, 0x0, 0x0, 0x0, 0x0,
    0x6, 0xff, 0xf9, 0x0, 0x0, 0x0, 0x0, 0x0,
    0x0, 0x6f, 0xff, 0x90, 0x0, 0x0, 0x0, 0x0,
    0x0, 0x6, 0xff, 0xf9, 0x0, 0x0, 0x0, 0x0,
    0x0, 0x0, 0x6f, 0xff, 0x90, 0x0, 0x0, 0x0,
    0x0, 0x0, 0x6, 0xff, 0xf9, 0x0, 0x0, 0x0,
    0x0, 0x0, 0x0, 0x6f, 0xff, 0x90, 0x0, 0x0,
    0x0, 0x0, 0x0, 0x6, 0xff, 0xf9, 0x0, 0x0,
    0x0, 0xcf, 0xff, 0xc0, 0x6f, 0xff, 0x90, 0x0,
    0x0, 0xaf, 0xff, 0xd1, 0x6, 0xff, 0xf9, 0x0,
    0x0, 0x9f, 0xff, 0xe1, 0x0, 0x6f, 0xff, 0x90,
    0x0, 0x7f, 0xff, 0xf2, 0x0, 0x6, 0xff, 0xf9,
    0x0, 0x6f, 0xff, 0xf3, 0x0, 0x0, 0x6f, 0xff,
    0x90, 0x4f, 0xff, 0xf5, 0x0, 0x0, 0x6, 0xff,
    0xf8, 0x2f, 0xff, 0xf6, 0x0, 0x0, 0x0, 0x6f,
    0xff, 0x8d, 0xff, 0xf9, 0x0, 0x0, 0x0, 0x6,
    0xff, 0xfe, 0xff, 0xff, 0xc0, 0x0, 0x0, 0x0,
    0x6f, 0xff, 0xff, 0xff, 0xff, 0x80, 0x0, 0x0,
    0x6, 0xff, 0xff, 0xf9, 0xff, 0xff, 0x40, 0x0,
    0x0, 0x6f, 0xff, 0xf4, 0x8, 0xff, 0xfe, 0x10,
    0x0, 0x6, 0xff, 0xf9, 0x0, 0xd, 0xff, 0xfb,
    0x0, 0x0, 0x6f, 0xff, 0x90, 0x0, 0x2f, 0xff,
    0xf6, 0x0, 0x6, 0xff, 0xf9, 0x0, 0x0, 0x7f,
    0xff, 0xf2, 0x0, 0x6f, 0xff, 0x90, 0x0, 0x0,
    0xcf, 0xff, 0xd0, 0x6, 0xff, 0xf9, 0x0, 0x0,
    0x2, 0xff, 0xff, 0x90, 0x6f, 0xff, 0x90, 0x0,
    0x0, 0x5, 0xff, 0xff, 0x50,

    /* U+006C "l" */
    0x8f, 0xff, 0x98, 0xff, 0xf9, 0x8f, 0xff, 0x98,
    0xff, 0xf9, 0x8f, 0xff, 0x98, 0xff, 0xf9, 0x8f,
    0xff, 0x98, 0xff, 0xf9, 0x8f, 0xff, 0x98, 0xff,
    0xf9, 0x8f, 0xff, 0x98, 0xff, 0xf9, 0x8f, 0xff,
    0x98, 0xff, 0xf9, 0x8f, 0xff, 0x98, 0xff, 0xf9,
    0x8f, 0xff, 0x98, 0xff, 0xf9, 0x8f, 0xff, 0x98,
    0xff, 0xf9, 0x8f, 0xff, 0x98, 0xff, 0xf9, 0x8f,
    0xff, 0x98, 0xff, 0xf9, 0x8f, 0xff, 0x90,

    /* U+006D "m" */
    0x8f, 0xfc, 0x0, 0x5b, 0xef, 0xfc, 0x70, 0x0,
    0x6, 0xce, 0xfe, 0xb6, 0x0, 0x8, 0xff, 0xf0,
    0xaf, 0xff, 0xff, 0xff, 0xd1, 0x1d, 0xff, 0xff,
    0xff, 0xfb, 0x0, 0x8f, 0xff, 0xcf, 0xff, 0xff,
    0xff, 0xff, 0xbd, 0xff, 0xff, 0xff, 0xff, 0xf7,
    0x8, 0xff, 0xff, 0xfc, 0x65, 0x8f, 0xff, 0xff,
    0xff, 0xb6, 0x58, 0xff, 0xff, 0xe0, 0x8f, 0xff,
    0xfb, 0x0, 0x0, 0x4f, 0xff, 0xff, 0x80, 0x0,
    0x5, 0xff, 0xff, 0x28, 0xff, 0xff, 0x20, 0x0,
    0x0, 0xdf, 0xff, 0xe0, 0x0, 0x0, 0xe, 0xff,
    0xf4, 0x8f, 0xff, 0xd0, 0x0, 0x0, 0xa, 0xff,
    0xfa, 0x0, 0x0, 0x0, 0xcf, 0xff, 0x48, 0xff,
    0xfa, 0x0, 0x0, 0x0, 0xaf, 0xff, 0x80, 0x0,
    0x0, 0xb, 0xff, 0xf5, 0x8f, 0xff, 0x90, 0x0,
    0x0, 0xa, 0xff, 0xf7, 0x0, 0x0, 0x0, 0xbf,
    0xff, 0x58, 0xff, 0xf9, 0x0, 0x0, 0x0, 0xaf,
    0xff, 0x70, 0x0, 0x0, 0xb, 0xff, 0xf5, 0x8f,
    0xff, 0x90, 0x0, 0x0, 0xa, 0xff, 0xf7, 0x0,
    0x0, 0x0, 0xbf, 0xff, 0x58, 0xff, 0xf9, 0x0,
    0x0, 0x0, 0xaf, 0xff, 0x70, 0x0, 0x0, 0xb,
    0xff, 0xf5, 0x8f, 0xff, 0x90, 0x0, 0x0, 0xa,
    0xff, 0xf7, 0x0, 0x0, 0x0, 0xbf, 0xff, 0x58,
    0xff, 0xf9, 0x0, 0x0, 0x0, 0xaf, 0xff, 0x70,
    0x0, 0x0, 0xb, 0xff, 0xf5, 0x8f, 0xff, 0x90,
    0x0, 0x0, 0xa, 0xff, 0xf7, 0x0, 0x0, 0x0,
    0xbf, 0xff, 0x58, 0xff, 0xf9, 0x0, 0x0, 0x0,
    0xaf, 0xff, 0x70, 0x0, 0x0, 0xb, 0xff, 0xf5,
    0x8f, 0xff, 0x90, 0x0, 0x0, 0xa, 0xff, 0xf7,
    0x0, 0x0, 0x0, 0xbf, 0xff, 0x58, 0xff, 0xf9,
    0x0, 0x0, 0x0, 0xaf, 0xff, 0x70, 0x0, 0x0,
    0xb, 0xff, 0xf5,

    /* U+006E "n" */
    0x8f, 0xfb, 0x0, 0x3a, 0xef, 0xfd, 0x92, 0x0,
    0x8, 0xff, 0xf0, 0x9f, 0xff, 0xff, 0xff, 0xf5,
    0x0, 0x8f, 0xff, 0xaf, 0xff, 0xff, 0xff, 0xff,
    0xf2, 0x8, 0xff, 0xff, 0xfd, 0x75, 0x6c, 0xff,
    0xff, 0x90, 0x8f, 0xff, 0xfb, 0x0, 0x0, 0xb,
    0xff, 0xfd, 0x8, 0xff, 0xff, 0x20, 0x0, 0x0,
    0x3f, 0xff, 0xf0, 0x8f, 0xff, 0xd0, 0x0, 0x0,
    0x1, 0xff, 0xff, 0x8, 0xff, 0xfa, 0x0, 0x0,
    0x0, 0xf, 0xff, 0xf0, 0x8f, 0xff, 0x90, 0x0,
    0x0, 0x0, 0xff, 0xff, 0x8, 0xff, 0xf9, 0x0,
    0x0, 0x0, 0xf, 0xff, 0xf0, 0x8f, 0xff, 0x90,
    0x0, 0x0, 0x0, 0xff, 0xff, 0x8, 0xff, 0xf9,
    0x0, 0x0, 0x0, 0xf, 0xff, 0xf0, 0x8f, 0xff,
    0x90, 0x0, 0x0, 0x0, 0xff, 0xff, 0x8, 0xff,
    0xf9, 0x0, 0x0, 0x0, 0xf, 0xff, 0xf0, 0x8f,
    0xff, 0x90, 0x0, 0x0, 0x0, 0xff, 0xff, 0x8,
    0xff, 0xf9, 0x0, 0x0, 0x0, 0xf, 0xff, 0xf0,
    0x8f, 0xff, 0x90, 0x0, 0x0, 0x0, 0xff, 0xff,
    0x8, 0xff, 0xf9, 0x0, 0x0, 0x0, 0xf, 0xff,
    0xf0,

    /* U+006F "o" */
    0x0, 0x0, 0x6, 0xbe, 0xff, 0xea, 0x40, 0x0,
    0x0, 0x0, 0x4, 0xef, 0xff, 0xff, 0xff, 0xfc,
    0x10, 0x0, 0x0, 0x5f, 0xff, 0xff, 0xff, 0xff,
    0xff, 0xe1, 0x0, 0x1, 0xff, 0xff, 0xe7, 0x44,
    0x8f, 0xff, 0xfb, 0x0, 0x9, 0xff, 0xfd, 0x10,
    0x0, 0x3, 0xff, 0xff, 0x40, 0xe, 0xff, 0xf5,
    0x0, 0x0, 0x0, 0x9f, 0xff, 0xa0, 0x2f, 0xff,
    0xf0, 0x0, 0x0, 0x0, 0x4f, 0xff, 0xe0, 0x5f,
    0xff, 0xd0, 0x0, 0x0, 0x0, 0x1f, 0xff, 0xf0,
    0x6f, 0xff, 0xc0, 0x0, 0x0, 0x0, 0xf, 0xff,
    0xf2, 0x6f, 0xff, 0xc0, 0x0, 0x0, 0x0, 0xf,
    0xff, 0xf2, 0x5f, 0xff, 0xd0, 0x0, 0x0, 0x0,
    0x1f, 0xff, 0xf0, 0x2f, 0xff, 0xf0, 0x0, 0x0,
    0x0, 0x4f, 0xff, 0xe0, 0xd, 0xff, 0xf6, 0x0,
    0x0, 0x0, 0x9f, 0xff, 0xa0, 0x7, 0xff, 0xfe,
    0x10, 0x0, 0x3, 0xff, 0xff, 0x40, 0x0, 0xef,
    0xff, 0xe7, 0x44, 0x8f, 0xff, 0xfc, 0x0, 0x0,
    0x3f, 0xff, 0xff, 0xff, 0xff, 0xff, 0xe1, 0x0,
    0x0, 0x3, 0xdf, 0xff, 0xff, 0xff, 0xfc, 0x20,
    0x0, 0x0, 0x0, 0x6, 0xbe, 0xff, 0xda, 0x40,
    0x0, 0x0,

    /* U+0070 "p" */
    0x8f, 0xfe, 0x0, 0x3a, 0xef, 0xfc, 0x60, 0x0,
    0x8, 0xff, 0xf2, 0x7f, 0xff, 0xff, 0xff, 0xc1,
    0x0, 0x8f, 0xff, 0xbf, 0xff, 0xff, 0xff, 0xff,
    0xb0, 0x8, 0xff, 0xff, 0xfc, 0x65, 0x7e, 0xff,
    0xff, 0x50, 0x8f, 0xff, 0xf9, 0x0, 0x0, 0x1d,
    0xff, 0xfc, 0x8, 0xff, 0xff, 0x10, 0x0, 0x0,
    0x5f, 0xff, 0xf0, 0x8f, 0xff, 0xc0, 0x0, 0x0,
    0x0, 0xff, 0xff, 0x38, 0xff, 0xf9, 0x0, 0x0,
    0x0, 0xd, 0xff, 0xf5, 0x8f, 0xff, 0x90, 0x0,
    0x0, 0x0, 0xcf, 0xff, 0x68, 0xff, 0xf9, 0x0,
    0x0, 0x0, 0xc, 0xff, 0xf6, 0x8f, 0xff, 0xa0,
    0x0, 0x0, 0x0, 0xdf, 0xff, 0x58, 0xff, 0xfc,
    0x0, 0x0, 0x0, 0xf, 0xff, 0xf3, 0x8f, 0xff,
    0xf1, 0x0, 0x0, 0x6, 0xff, 0xff, 0x8, 0xff,
    0xff, 0xa0, 0x0, 0x1, 0xef, 0xff, 0xb0, 0x8f,
    0xff, 0xff, 0xd7, 0x68, 0xef, 0xff, 0xf4, 0x8,
    0xff, 0xfd, 0xff, 0xff, 0xff, 0xff, 0xfa, 0x0,
    0x8f, 0xff, 0x79, 0xff, 0xff, 0xff, 0xfa, 0x0,
    0x8, 0xff, 0xf8, 0x4, 0xbe, 0xfe, 0xb5, 0x0,
    0x0, 0x8f, 0xff, 0x80, 0x0, 0x0, 0x0, 0x0,
    0x0, 0x8, 0xff, 0xf9, 0x0, 0x0, 0x0, 0x0,
    0x0, 0x0, 0x8f, 0xff, 0x90, 0x0, 0x0, 0x0,
    0x0, 0x0, 0x8, 0xff, 0xf9, 0x0, 0x0, 0x0,
    0x0, 0x0, 0x0, 0x8f, 0xff, 0x90, 0x0, 0x0,
    0x0, 0x0, 0x0, 0x8, 0xff, 0xf9, 0x0, 0x0,
    0x0, 0x0, 0x0, 0x0, 0x8f, 0xff, 0x90, 0x0,
    0x0, 0x0, 0x0, 0x0, 0x8, 0xff, 0xf9, 0x0,
    0x0, 0x0, 0x0, 0x0, 0x0,

    /* U+0071 "q" */
    0x0, 0x0, 0x5b, 0xef, 0xeb, 0x40, 0xf, 0xff,
    0x80, 0x0, 0xaf, 0xff, 0xff, 0xff, 0x91, 0xff,
    0xf8, 0x0, 0xaf, 0xff, 0xff, 0xff, 0xff, 0xcf,
    0xff, 0x80, 0x4f, 0xff, 0xfd, 0x74, 0x6a, 0xff,
    0xff, 0xf8, 0xb, 0xff, 0xfd, 0x10, 0x0, 0x6,
    0xff, 0xff, 0x80, 0xff, 0xff, 0x50, 0x0, 0x0,
    0xd, 0xff, 0xf8, 0x3f, 0xff, 0xf0, 0x0, 0x0,
    0x0, 0x9f, 0xff, 0x85, 0xff, 0xfd, 0x0, 0x0,
    0x0, 0x6, 0xff, 0xf8, 0x6f, 0xff, 0xc0, 0x0,
    0x0, 0x0, 0x5f, 0xff, 0x86, 0xff, 0xfc, 0x0,
    0x0, 0x0, 0x5, 0xff, 0xf8, 0x5f, 0xff, 0xd0,
    0x0, 0x0, 0x0, 0x6f, 0xff, 0x83, 0xff, 0xff,
    0x0, 0x0, 0x0, 0x8, 0xff, 0xf8, 0xf, 0xff,
    0xf5, 0x0, 0x0, 0x0, 0xcf, 0xff, 0x80, 0xbf,
    0xff, 0xd1, 0x0, 0x0, 0x5f, 0xff, 0xf8, 0x5,
    0xff, 0xff, 0xe7, 0x56, 0xaf, 0xff, 0xff, 0x80,
    0xb, 0xff, 0xff, 0xff, 0xff, 0xfc, 0xff, 0xf8,
    0x0, 0xb, 0xff, 0xff, 0xff, 0xf7, 0x7f, 0xff,
    0x80, 0x0, 0x5, 0xbf, 0xfe, 0xa3, 0x8, 0xff,
    0xf8, 0x0, 0x0, 0x0, 0x0, 0x0, 0x0, 0x8f,
    0xff, 0x80, 0x0, 0x0, 0x0, 0x0, 0x0, 0x8,
    0xff, 0xf8, 0x0, 0x0, 0x0, 0x0, 0x0, 0x0,
    0x8f, 0xff, 0x80, 0x0, 0x0, 0x0, 0x0, 0x0,
    0x8, 0xff, 0xf8, 0x0, 0x0, 0x0, 0x0, 0x0,
    0x0, 0x8f, 0xff, 0x80, 0x0, 0x0, 0x0, 0x0,
    0x0, 0x8, 0xff, 0xf8, 0x0, 0x0, 0x0, 0x0,
    0x0, 0x0, 0x8f, 0xff, 0x80, 0x0, 0x0, 0x0,
    0x0, 0x0, 0x8, 0xff, 0xf8,

    /* U+0072 "r" */
    0x8f, 0xfb, 0x0, 0x19, 0xef, 0xf6, 0x8f, 0xfe,
    0x3, 0xef, 0xff, 0xf5, 0x8f, 0xff, 0x2e, 0xff,
    0xff, 0xf3, 0x8f, 0xff, 0xef, 0xff, 0xee, 0xf1,
    0x8f, 0xff, 0xff, 0xa2, 0x0, 0x0, 0x8f, 0xff,
    0xf9, 0x0, 0x0, 0x0, 0x8f, 0xff, 0xf1, 0x0,
    0x0, 0x0, 0x8f, 0xff, 0xb0, 0x0, 0x0, 0x0,
    0x8f, 0xff, 0x90, 0x0, 0x0, 0x0, 0x8f, 0xff,
    0x90, 0x0, 0x0, 0x0, 0x8f, 0xff, 0x90, 0x0,
    0x0, 0x0, 0x8f, 0xff, 0x90, 0x0, 0x0, 0x0,
    0x8f, 0xff, 0x90, 0x0, 0x0, 0x0, 0x8f, 0xff,
    0x90, 0x0, 0x0, 0x0, 0x8f, 0xff, 0x90, 0x0,
    0x0, 0x0, 0x8f, 0xff, 0x90, 0x0, 0x0, 0x0,
    0x8f, 0xff, 0x90, 0x0, 0x0, 0x0, 0x8f, 0xff,
    0x90, 0x0, 0x0, 0x0,

    /* U+0073 "s" */
    0x0, 0x5, 0xad, 0xff, 0xfd, 0xa5, 0x0, 0x2,
    0xdf, 0xff, 0xff, 0xff, 0xff, 0xe0, 0xd, 0xff,
    0xff, 0xff, 0xff, 0xff, 0xa0, 0x4f, 0xff, 0xe5,
    0x11, 0x26, 0xbf, 0x30, 0x7f, 0xff, 0x70, 0x0,
    0x0, 0x1, 0x0, 0x6f, 0xff, 0xb0, 0x0, 0x0,
    0x0, 0x0, 0x2f, 0xff, 0xfd, 0x60, 0x0, 0x0,
    0x0, 0x9, 0xff, 0xff, 0xff, 0x92, 0x0, 0x0,
    0x0, 0x8f, 0xff, 0xff, 0xff, 0xa2, 0x0, 0x0,
    0x2, 0x9f, 0xff, 0xff, 0xff, 0x30, 0x0, 0x0,
    0x0, 0x6d, 0xff, 0xff, 0xe0, 0x0, 0x0, 0x0,
    0x0, 0x6f, 0xff, 0xf4, 0x0, 0x0, 0x0, 0x0,
    0x9, 0xff, 0xf6, 0x32, 0x0, 0x0, 0x0, 0x9,
    0xff, 0xf5, 0x7f, 0xd8, 0x53, 0x24, 0x9f, 0xff,
    0xf1, 0x7f, 0xff, 0xff, 0xff, 0xff, 0xff, 0x90,
    0x6f, 0xff, 0xff, 0xff, 0xff, 0xfa, 0x0, 0x4,
    0x9c, 0xef, 0xff, 0xd9, 0x30, 0x0,

    /* U+0074 "t" */
    0x0, 0x0, 0xaf, 0xf0, 0x0, 0x0, 0x0, 0x0,
    0xf, 0xff, 0x0, 0x0, 0x0, 0x0, 0x5, 0xff,
    0xf0, 0x0, 0x0, 0x0, 0x0, 0xbf, 0xff, 0x0,
    0x0, 0x0, 0x3, 0xcf, 0xff, 0xff, 0xff, 0xff,
    0x4, 0xff, 0xff, 0xff, 0xff, 0xff, 0xf0, 0x5f,
    0xff, 0xff, 0xff, 0xff, 0xff, 0x0, 0x12, 0xff,
    0xff, 0x21, 0x11, 0x10, 0x0, 0xf, 0xff, 0xf0,
    0x0, 0x0, 0x0, 0x0, 0xff, 0xff, 0x0, 0x0,
    0x0, 0x0, 0xf, 0xff, 0xf0, 0x0, 0x0, 0x0,
    0x0, 0xff, 0xff, 0x0, 0x0, 0x0, 0x0, 0xf,
    0xff, 0xf0, 0x0, 0x0, 0x0, 0x0, 0xff, 0xff,
    0x0, 0x0, 0x0, 0x0, 0xf, 0xff, 0xf0, 0x0,
    0x0, 0x0, 0x0, 0xff, 0xff, 0x0, 0x0, 0x0,
    0x0, 0xf, 0xff, 0xf0, 0x0, 0x0, 0x0, 0x0,
    0xff, 0xff, 0x40, 0x0, 0x0, 0x0, 0xc, 0xff,
    0xfe, 0x65, 0x69, 0x10, 0x0, 0x6f, 0xff, 0xff,
    0xff, 0xf1, 0x0, 0x0, 0xbf, 0xff, 0xff, 0xff,
    0x10, 0x0, 0x0, 0x6c, 0xff, 0xec, 0x80,

    /* U+0075 "u" */
    0xaf, 0xff, 0x70, 0x0, 0x0, 0x2, 0xff, 0xfe,
    0xaf, 0xff, 0x70, 0x0, 0x0, 0x2, 0xff, 0xfe,
    0xaf, 0xff, 0x70, 0x0, 0x0, 0x2, 0xff, 0xfe,
    0xaf, 0xff, 0x70, 0x0, 0x0, 0x2, 0xff, 0xfe,
    0xaf, 0xff, 0x70, 0x0, 0x0, 0x2, 0xff, 0xfe,
    0xaf, 0xff, 0x70, 0x0, 0x0, 0x2, 0xff, 0xfe,
    0xaf, 0xff, 0x70, 0x0, 0x0, 0x2, 0xff, 0xfe,
    0xaf, 0xff, 0x70, 0x0, 0x0, 0x2, 0xff, 0xfe,
    0xaf, 0xff, 0x70, 0x0, 0x0, 0x2, 0xff, 0xfe,
    0xaf, 0xff, 0x70, 0x0, 0x0, 0x2, 0xff, 0xfe,
    0xaf, 0xff, 0x70, 0x0, 0x0, 0x4, 0xff, 0xfe,
    0x9f, 0xff, 0x70, 0x0, 0x0, 0x6, 0xff, 0xfe,
    0x9f, 0xff, 0xa0, 0x0, 0x0, 0xc, 0xff, 0xfe,
    0x7f, 0xff, 0xf2, 0x0, 0x0, 0x6f, 0xff, 0xfe,
    0x2f, 0xff, 0xfe, 0x86, 0x7b, 0xff, 0xff, 0xfe,
    0xb, 0xff, 0xff, 0xff, 0xff, 0xfe, 0xef, 0xfe,
    0x1, 0xdf, 0xff, 0xff, 0xff, 0xe2, 0x9f, 0xfe,
    0x0, 0x6, 0xce, 0xff, 0xc7, 0x0, 0x5f, 0xfe,

    /* U+0076 "v" */
    0xdf, 0xff, 0x70, 0x0, 0x0, 0x0, 0xe, 0xff,
    0xf5, 0x7f, 0xff, 0xc0, 0x0, 0x0, 0x0, 0x4f,
    0xff, 0xe0, 0x1f, 0xff, 0xf1, 0x0, 0x0, 0x0,
    0x9f, 0xff, 0x90, 0xb, 0xff, 0xf6, 0x0, 0x0,
    0x0, 0xef, 0xff, 0x30, 0x5, 0xff, 0xfb, 0x0,
    0x0, 0x3, 0xff, 0xfd, 0x0, 0x0, 0xff, 0xff,
    0x10, 0x0, 0x9, 0xff, 0xf7, 0x0, 0x0, 0x9f,
    0xff, 0x50, 0x0, 0xe, 0xff, 0xf1, 0x0, 0x0,
    0x4f, 0xff, 0xa0, 0x0, 0x3f, 0xff, 0xb0, 0x0,
    0x0, 0xe, 0xff, 0xf0, 0x0, 0x8f, 0xff, 0x60,
    0x0, 0x0, 0x8, 0xff, 0xf5, 0x0, 0xdf, 0xff,
    0x0, 0x0, 0x0, 0x2, 0xff, 0xfa, 0x3, 0xff,
    0xfa, 0x0, 0x0, 0x0, 0x0, 0xcf, 0xff, 0x7,
    0xff, 0xf4, 0x0, 0x0, 0x0, 0x0, 0x6f, 0xff,
    0x4c, 0xff, 0xe0, 0x0, 0x0, 0x0, 0x0, 0x1f,
    0xff, 0x9f, 0xff, 0x80, 0x0, 0x0, 0x0, 0x0,
    0xb, 0xff, 0xff, 0xff, 0x20, 0x0, 0x0, 0x0,
    0x0, 0x5, 0xff, 0xff, 0xfc, 0x0, 0x0, 0x0,
    0x0, 0x0, 0x0, 0xef, 0xff, 0xf6, 0x0, 0x0,
    0x0, 0x0, 0x0, 0x0, 0x9f, 0xff, 0xf1, 0x0,
    0x0, 0x0,

    /* U+0077 "w" */
    0x8f, 0xff, 0x80, 0x0, 0x0, 0xf, 0xff, 0xfa,
    0x0, 0x0, 0x0, 0xef, 0xff, 0x14, 0xff, 0xfc,
    0x0, 0x0, 0x4, 0xff, 0xff, 0xe0, 0x0, 0x0,
    0x2f, 0xff, 0xc0, 0xf, 0xff, 0xf0, 0x0, 0x0,
    0x9f, 0xff, 0xff, 0x20, 0x0, 0x6, 0xff, 0xf8,
    0x0, 0xbf, 0xff, 0x40, 0x0, 0xd, 0xff, 0xef,
    0xf6, 0x0, 0x0, 0xbf, 0xff, 0x30, 0x7, 0xff,
    0xf8, 0x0, 0x1, 0xff, 0xf8, 0xff, 0xb0, 0x0,
    0xe, 0xff, 0xf0, 0x0, 0x3f, 0xff, 0xc0, 0x0,
    0x6f, 0xfb, 0x4f, 0xff, 0x0, 0x3, 0xff, 0xfb,
    0x0, 0x0, 0xef, 0xff, 0x0, 0xa, 0xff, 0x80,
    0xff, 0xf3, 0x0, 0x7f, 0xff, 0x60, 0x0, 0xa,
    0xff, 0xf4, 0x0, 0xef, 0xf4, 0xc, 0xff, 0x70,
    0xb, 0xff, 0xf2, 0x0, 0x0, 0x6f, 0xff, 0x80,
    0x3f, 0xff, 0x10, 0x8f, 0xfb, 0x0, 0xff, 0xfe,
    0x0, 0x0, 0x1, 0xff, 0xfb, 0x7, 0xff, 0xd0,
    0x5, 0xff, 0xf0, 0x3f, 0xff, 0x90, 0x0, 0x0,
    0xd, 0xff, 0xf0, 0xbf, 0xf9, 0x0, 0x1f, 0xff,
    0x36, 0xff, 0xf5, 0x0, 0x0, 0x0, 0x9f, 0xff,
    0x2e, 0xff, 0x40, 0x0, 0xdf, 0xf6, 0x9f, 0xff,
    0x10, 0x0, 0x0, 0x4, 0xff, 0xf5, 0xff, 0xf0,
    0x0, 0x9, 0xff, 0x9c, 0xff, 0xc0, 0x0, 0x0,
    0x0, 0xf, 0xff, 0xaf, 0xfc, 0x0, 0x0, 0x5f,
    0xfc, 0xff, 0xf8, 0x0, 0x0, 0x0, 0x0, 0xcf,
    0xff, 0xff, 0x80, 0x0, 0x1, 0xff, 0xff, 0xff,
    0x30, 0x0, 0x0, 0x0, 0x7, 0xff, 0xff, 0xf4,
    0x0, 0x0, 0xd, 0xff, 0xff, 0xf0, 0x0, 0x0,
    0x0, 0x0, 0x3f, 0xff, 0xff, 0x0, 0x0, 0x0,
    0x9f, 0xff, 0xfb, 0x0, 0x0, 0x0, 0x0, 0x0,
    0xff, 0xff, 0xb0, 0x0, 0x0, 0x5, 0xff, 0xff,
    0x60, 0x0, 0x0,

    /* U+0078 "x" */
    0x1f, 0xff, 0xf8, 0x0, 0x0, 0x0, 0x9f, 0xff,
    0xe1, 0x6, 0xff, 0xff, 0x20, 0x0, 0x3, 0xff,
    0xff, 0x50, 0x0, 0xcf, 0xff, 0xb0, 0x0, 0xc,
    0xff, 0xfa, 0x0, 0x0, 0x2f, 0xff, 0xf5, 0x0,
    0x7f, 0xff, 0xe1, 0x0, 0x0, 0x7, 0xff, 0xfe,
    0x1, 0xff, 0xff, 0x50, 0x0, 0x0, 0x0, 0xcf,
    0xff, 0x9a, 0xff, 0xfb, 0x0, 0x0, 0x0, 0x0,
    0x2f, 0xff, 0xff, 0xff, 0xe1, 0x0, 0x0, 0x0,
    0x0, 0x8, 0xff, 0xff, 0xff, 0x50, 0x0, 0x0,
    0x0, 0x0, 0x0, 0xdf, 0xff, 0xfb, 0x0, 0x0,
    0x0, 0x0, 0x0, 0x2, 0xff, 0xff, 0xfe, 0x10,
    0x0, 0x0, 0x0, 0x0, 0xc, 0xff, 0xff, 0xff,
    0xa0, 0x0, 0x0, 0x0, 0x0, 0x6f, 0xff, 0xee,
    0xff, 0xf4, 0x0, 0x0, 0x0, 0x2, 0xff, 0xff,
    0x46, 0xff, 0xfe, 0x10, 0x0, 0x0, 0xb, 0xff,
    0xfb, 0x0, 0xcf, 0xff, 0xa0, 0x0, 0x0, 0x6f,
    0xff, 0xf1, 0x0, 0x2f, 0xff, 0xf4, 0x0, 0x1,
    0xff, 0xff, 0x70, 0x0, 0x8, 0xff, 0xfe, 0x0,
    0xb, 0xff, 0xfd, 0x0, 0x0, 0x0, 0xdf, 0xff,
    0x90, 0x5f, 0xff, 0xf3, 0x0, 0x0, 0x0, 0x4f,
    0xff, 0xf4,

    /* U+0079 "y" */
    0xcf, 0xff, 0x70, 0x0, 0x0, 0x0, 0xe, 0xff,
    0xf5, 0x6f, 0xff, 0xd0, 0x0, 0x0, 0x0, 0x3f,
    0xff, 0xf0, 0x1f, 0xff, 0xf2, 0x0, 0x0, 0x0,
    0x8f, 0xff, 0xa0, 0xa, 0xff, 0xf7, 0x0, 0x0,
    0x0, 0xdf, 0xff, 0x40, 0x4, 0xff, 0xfd, 0x0,
    0x0, 0x2, 0xff, 0xfe, 0x0, 0x0, 0xdf, 0xff,
    0x20, 0x0, 0x7, 0xff, 0xf8, 0x0, 0x0, 0x7f,
    0xff, 0x80, 0x0, 0xd, 0xff, 0xf2, 0x0, 0x0,
    0x1f, 0xff, 0xd0, 0x0, 0x2f, 0xff, 0xd0, 0x0,
    0x0, 0xb, 0xff, 0xf2, 0x0, 0x7f, 0xff, 0x70,
    0x0, 0x0, 0x5, 0xff, 0xf8, 0x0, 0xcf, 0xff,
    0x10, 0x0, 0x0, 0x0, 0xef, 0xfd, 0x1, 0xff,
    0xfb, 0x0, 0x0, 0x0, 0x0, 0x9f, 0xff, 0x26,
    0xff, 0xf5, 0x0, 0x0, 0x0, 0x0, 0x2f, 0xff,
    0x6b, 0xff, 0xf0, 0x0, 0x0, 0x0, 0x0, 0xc,
    0xff, 0xaf, 0xff, 0xa0, 0x0, 0x0, 0x0, 0x0,
    0x6, 0xff, 0xff, 0xff, 0x40, 0x0, 0x0, 0x0,
    0x0, 0x1, 0xff, 0xff, 0xfe, 0x0, 0x0, 0x0,
    0x0, 0x0, 0x0, 0xaf, 0xff, 0xf8, 0x0, 0x0,
    0x0, 0x0, 0x0, 0x0, 0x4f, 0xff, 0xf3, 0x0,
    0x0, 0x0, 0x0, 0x0, 0x0, 0x4f, 0xff, 0xd0,
    0x0, 0x0, 0x0, 0x0, 0x0, 0x0, 0x9f, 0xff,
    0x70, 0x0, 0x0, 0x0, 0x0, 0x0, 0x1, 0xff,
    0xff, 0x10, 0x0, 0x0, 0x0, 0x0, 0x0, 0xb,
    0xff, 0xfa, 0x0, 0x0, 0x0, 0x0, 0x16, 0x56,
    0xcf, 0xff, 0xf2, 0x0, 0x0, 0x0, 0x0, 0x2f,
    0xff, 0xff, 0xff, 0x70, 0x0, 0x0, 0x0, 0x0,
    0x2f, 0xff, 0xff, 0xf8, 0x0, 0x0, 0x0, 0x0,
    0x0, 0x2d, 0xff, 0xea, 0x30, 0x0, 0x0, 0x0,
    0x0, 0x0,

    /* U+007A "z" */
    0x7f, 0xff, 0xff, 0xff, 0xff, 0xff, 0xf2, 0x7f,
    0xff, 0xff, 0xff, 0xff, 0xff, 0xf2, 0x7f, 0xff,
    0xff, 0xff, 0xff, 0xff, 0xf2, 0x12, 0x22, 0x22,
    0x22, 0xcf, 0xff, 0xa0, 0x0, 0x0, 0x0, 0x5,
    0xff, 0xfe, 0x10, 0x0, 0x0, 0x0, 0x1f, 0xff,
    0xf4, 0x0, 0x0, 0x0, 0x0, 0xbf, 0xff, 0x90,
    0x0, 0x0, 0x0, 0x6, 0xff, 0xfd, 0x0, 0x0,
    0x0, 0x0, 0x2f, 0xff, 0xf3, 0x0, 0x0, 0x0,
    0x0, 0xcf, 0xff, 0x80, 0x0, 0x0, 0x0, 0x7,
    0xff, 0xfc, 0x0, 0x0, 0x0, 0x0, 0x3f, 0xff,
    0xf2, 0x0, 0x0, 0x0, 0x0, 0xdf, 0xff, 0x70,
    0x0, 0x0, 0x0, 0x9, 0xff, 0xfb, 0x0, 0x0,
    0x0, 0x0, 0x4f, 0xff, 0xf5, 0x33, 0x33, 0x33,
    0x31, 0xdf, 0xff, 0xff, 0xff, 0xff, 0xff, 0xf6,
    0xff, 0xff, 0xff, 0xff, 0xff, 0xff, 0xf6, 0xff,
    0xff, 0xff, 0xff, 0xff, 0xff, 0xf6,

    /* U+007B "{" */
    0x0, 0x0, 0x0, 0x18, 0xce, 0xf4, 0x0, 0x0,
    0x4, 0xff, 0xff, 0xf4, 0x0, 0x0, 0xe, 0xff,
    0xff, 0xf4, 0x0, 0x0, 0x4f, 0xff, 0xf7, 0x30,
    0x0, 0x0, 0x6f, 0xff, 0x70, 0x0, 0x0, 0x0,
    0x6f, 0xff, 0x30, 0x0, 0x0, 0x0, 0x6f, 0xff,
    0x30, 0x0, 0x0, 0x0, 0x6f, 0xff, 0x30, 0x0,
    0x0, 0x0, 0x6f, 0xff, 0x30, 0x0, 0x0, 0x0,
    0x6f, 0xff, 0x30, 0x0, 0x0, 0x0, 0x7f, 0xff,
    0x30, 0x0, 0x0, 0x0, 0xdf, 0xff, 0x10, 0x0,
    0x14, 0x7d, 0xff, 0xfb, 0x0, 0x0, 0x5f, 0xff,
    0xff, 0xa0, 0x0, 0x0, 0x5f, 0xff, 0xe6, 0x0,
    0x0, 0x0, 0x5f, 0xff, 0xff, 0xe3, 0x0, 0x0,
    0x0, 0x3a, 0xff, 0xfe, 0x0, 0x0, 0x0, 0x0,
    0xbf, 0xff, 0x20, 0x0, 0x0, 0x0, 0x6f, 0xff,
    0x30, 0x0, 0x0, 0x0, 0x6f, 0xff, 0x30, 0x0,
    0x0, 0x0, 0x6f, 0xff, 0x30, 0x0, 0x0, 0x0,
    0x6f, 0xff, 0x30, 0x0, 0x0, 0x0, 0x6f, 0xff,
    0x30, 0x0, 0x0, 0x0, 0x6f, 0xff, 0x50, 0x0,
    0x0, 0x0, 0x5f, 0xff, 0xe4, 0x0, 0x0, 0x0,
    0x1f, 0xff, 0xff, 0xf4, 0x0, 0x0, 0x7, 0xff,
    0xff, 0xf4, 0x0, 0x0, 0x0, 0x4a, 0xef, 0xf4,
    0x0, 0x0, 0x0, 0x0, 0x0, 0x10,

    /* U+007C "|" */
    0xbf, 0xf5, 0xbf, 0xf5, 0xbf, 0xf5, 0xbf, 0xf5,
    0xbf, 0xf5, 0xbf, 0xf5, 0xbf, 0xf5, 0xbf, 0xf5,
    0xbf, 0xf5, 0xbf, 0xf5, 0xbf, 0xf5, 0xbf, 0xf5,
    0xbf, 0xf5, 0xbf, 0xf5, 0xbf, 0xf5, 0xbf, 0xf5,
    0xbf, 0xf5, 0xbf, 0xf5, 0xbf, 0xf5, 0xbf, 0xf5,
    0xbf, 0xf5, 0xbf, 0xf5, 0xbf, 0xf5, 0xbf, 0xf5,
    0xbf, 0xf5, 0xbf, 0xf5, 0xbf, 0xf5, 0xbf, 0xf5,
    0xbf, 0xf5, 0xbf, 0xf5, 0xbf, 0xf5, 0xbf, 0xf5,
    0xbf, 0xf5,

    /* U+007D "}" */
    0xcf, 0xda, 0x40, 0x0, 0x0, 0xd, 0xff, 0xff,
    0xa0, 0x0, 0x0, 0xdf, 0xff, 0xff, 0x60, 0x0,
    0x2, 0x4c, 0xff, 0xfb, 0x0, 0x0, 0x0, 0xf,
    0xff, 0xd0, 0x0, 0x0, 0x0, 0xcf, 0xfd, 0x0,
    0x0, 0x0, 0xc, 0xff, 0xd0, 0x0, 0x0, 0x0,
    0xcf, 0xfd, 0x0, 0x0, 0x0, 0xc, 0xff, 0xd0,
    0x0, 0x0, 0x0, 0xcf, 0xfd, 0x0, 0x0, 0x0,
    0xc, 0xff, 0xe0, 0x0, 0x0, 0x0, 0xaf, 0xff,
    0x50, 0x0, 0x0, 0x4, 0xff, 0xff, 0xa5, 0x30,
    0x0, 0x5, 0xef, 0xff, 0xfd, 0x0, 0x0, 0x3,
    0xbf, 0xff, 0xd0, 0x0, 0xa, 0xff, 0xff, 0xfd,
    0x0, 0x7, 0xff, 0xfe, 0x51, 0x0, 0x0, 0xbf,
    0xff, 0x20, 0x0, 0x0, 0xc, 0xff, 0xe0, 0x0,
    0x0, 0x0, 0xcf, 0xfd, 0x0, 0x0, 0x0, 0xc,
    0xff, 0xd0, 0x0, 0x0, 0x0, 0xcf, 0xfd, 0x0,
    0x0, 0x0, 0xc, 0xff, 0xd0, 0x0, 0x0, 0x0,
    0xef, 0xfd, 0x0, 0x0, 0x2, 0xaf, 0xff, 0xc0,
    0x0, 0xd, 0xff, 0xff, 0xf8, 0x0, 0x0, 0xdf,
    0xff, 0xfd, 0x0, 0x0, 0xd, 0xff, 0xc7, 0x0,
    0x0, 0x0, 0x11, 0x0, 0x0, 0x0, 0x0, 0x0,

    /* U+007E "~" */
    0x2, 0xae, 0xfe, 0xb6, 0x10, 0x0, 0x0, 0x7,
    0x4f, 0xff, 0xff, 0xff, 0xf9, 0x42, 0x16, 0xdc,
    0x8f, 0xff, 0xff, 0xff, 0xff, 0xff, 0xff, 0xfc,
    0x8f, 0x82, 0x13, 0x8e, 0xff, 0xff, 0xff, 0xf7,
    0x62, 0x0, 0x0, 0x0, 0x5a, 0xdf, 0xfb, 0x40,

    /* U+00B0 "°" */
    0x0, 0x2, 0x79, 0x95, 0x0, 0x0, 0x0, 0x8f,
    0xff, 0xff, 0xe4, 0x0, 0x8, 0xff, 0xff, 0xff,
    0xff, 0x30, 0x1f, 0xfe, 0x40, 0x18, 0xff, 0xb0,
    0x6f, 0xf6, 0x0, 0x0, 0xcf, 0xf0, 0x8f, 0xf2,
    0x0, 0x0, 0x9f, 0xf2, 0x7f, 0xf4, 0x0, 0x0,
    0xaf, 0xf1, 0x4f, 0xfb, 0x0, 0x2, 0xff, 0xe0,
    0xd, 0xff, 0xda, 0xbf, 0xff, 0x70, 0x2, 0xef,
    0xff, 0xff, 0xfa, 0x0, 0x0, 0x18, 0xdf, 0xfc,
    0x50, 0x0
};


/*---------------------
 *  GLYPH DESCRIPTION
 *--------------------*/

static const lv_font_fmt_txt_glyph_dsc_t glyph_dsc[] = {
    {.bitmap_index = 0, .adv_w = 0, .box_w = 0, .box_h = 0, .ofs_x = 0, .ofs_y = 0} /* id = 0 reserved */,
    {.bitmap_index = 0, .adv_w = 133, .box_w = 0, .box_h = 0, .ofs_x = 0, .ofs_y = 0},
    {.bitmap_index = 0, .adv_w = 142, .box_w = 6, .box_h = 23, .ofs_x = 1, .ofs_y = 0},
    {.bitmap_index = 69, .adv_w = 231, .box_w = 11, .box_h = 9, .ofs_x = 2, .ofs_y = 14},
    {.bitmap_index = 119, .adv_w = 331, .box_w = 20, .box_h = 23, .ofs_x = 0, .ofs_y = 0},
    {.bitmap_index = 349, .adv_w = 293, .box_w = 16, .box_h = 27, .ofs_x = 1, .ofs_y = -2},
    {.bitmap_index = 565, .adv_w = 448, .box_w = 26, .box_h = 23, .ofs_x = 1, .ofs_y = 0},
    {.bitmap_index = 864, .adv_w = 380, .box_w = 23, .box_h = 23, .ofs_x = 1, .ofs_y = 0},
    {.bitmap_index = 1129, .adv_w = 128, .box_w = 5, .box_h = 9, .ofs_x = 2, .ofs_y = 14},
    {.bitmap_index = 1152, .adv_w = 166, .box_w = 9, .box_h = 29, .ofs_x = 1, .ofs_y = -6},
    {.bitmap_index = 1283, .adv_w = 166, .box_w = 10, .box_h = 29, .ofs_x = 0, .ofs_y = -6},
    {.bitmap_index = 1428, .adv_w = 280, .box_w = 16, .box_h = 16, .ofs_x = 1, .ofs_y = 9},
    {.bitmap_index = 1556, .adv_w = 293, .box_w = 16, .box_h = 16, .ofs_x = 1, .ofs_y = 4},
    {.bitmap_index = 1684, .adv_w = 143, .box_w = 6, .box_h = 8, .ofs_x = 1, .ofs_y = -4},
    {.bitmap_index = 1708, .adv_w = 164, .box_w = 9, .box_h = 4, .ofs_x = 1, .ofs_y = 7},
    {.bitmap_index = 1726, .adv_w = 141, .box_w = 6, .box_h = 6, .ofs_x = 1, .ofs_y = 0},
    {.bitmap_index = 1744, .adv_w = 204, .box_w = 13, .box_h = 23, .ofs_x = 0, .ofs_y = 0},
    {.bitmap_index = 1894, .adv_w = 293, .box_w = 16, .box_h = 23, .ofs_x = 1, .ofs_y = 0},
    {.bitmap_index = 2078, .adv_w = 293, .box_w = 11, .box_h = 23, .ofs_x = 2, .ofs_y = 0},
    {.bitmap_index = 2205, .adv_w = 293, .box_w = 17, .box_h = 23, .ofs_x = 1, .ofs_y = 0},
    {.bitmap_index = 2401, .adv_w = 293, .box_w = 16, .box_h = 23, .ofs_x = 1, .ofs_y = 0},
    {.bitmap_index = 2585, .adv_w = 293, .box_w = 18, .box_h = 23, .ofs_x = 0, .ofs_y = 0},
    {.bitmap_index = 2792, .adv_w = 293, .box_w = 16, .box_h = 23, .ofs_x = 1, .ofs_y = 0},
    {.bitmap_index = 2976, .adv_w = 293, .box_w = 17, .box_h = 23, .ofs_x = 1, .ofs_y = 0},
    {.bitmap_index = 3172, .adv_w = 293, .box_w = 17, .box_h = 23, .ofs_x = 1, .ofs_y = 0},
    {.bitmap_index = 3368, .adv_w = 293, .box_w = 16, .box_h = 23, .ofs_x = 1, .ofs_y = 0},
    {.bitmap_index = 3552, .adv_w = 293, .box_w = 16, .box_h = 23, .ofs_x = 1, .ofs_y = 0},
    {.bitmap_index = 3736, .adv_w = 141, .box_w = 6, .box_h = 18, .ofs_x = 1, .ofs_y = 0},
    {.bitmap_index = 3790, .adv_w = 143, .box_w = 7, .box_h = 22, .ofs_x = 0, .ofs_y = -4},
    {.bitmap_index = 3867, .adv_w = 293, .box_w = 16, .box_h = 18, .ofs_x = 1, .ofs_y = 3},
    {.bitmap_index = 4011, .adv_w = 293, .box_w = 16, .box_h = 10, .ofs_x = 1, .ofs_y = 7},
    {.bitmap_index = 4091, .adv_w = 293, .box_w = 16, .box_h = 18, .ofs_x = 1, .ofs_y = 3},
    {.bitmap_index = 4235, .adv_w = 236, .box_w = 15, .box_h = 23, .ofs_x = 0, .ofs_y = 0},
    {.bitmap_index = 4408, .adv_w = 460, .box_w = 27, .box_h = 25, .ofs_x = 1, .ofs_y = -2},
    {.bitmap_index = 4746, .adv_w = 344, .box_w = 22, .box_h = 23, .ofs_x = 0, .ofs_y = 0},
    {.bitmap_index = 4999, .adv_w = 337, .box_w = 18, .box_h = 23, .ofs_x = 2, .ofs_y = 0},
    {.bitmap_index = 5206, .adv_w = 327, .box_w = 19, .box_h = 23, .ofs_x = 1, .ofs_y = 0},
    {.bitmap_index = 5425, .adv_w = 375, .box_w = 20, .box_h = 23, .ofs_x = 2, .ofs_y = 0},
    {.bitmap_index = 5655, .adv_w = 286, .box_w = 14, .box_h = 23, .ofs_x = 2, .ofs_y = 0},
    {.bitmap_index = 5816, .adv_w = 275, .box_w = 14, .box_h = 23, .ofs_x = 2, .ofs_y = 0},
    {.bitmap_index = 5977, .adv_w = 372, .box_w = 20, .box_h = 23, .ofs_x = 1, .ofs_y = 0},
    {.bitmap_index = 6207, .adv_w = 387, .box_w = 20, .box_h = 23, .ofs_x = 2, .ofs_y = 0},
    {.bitmap_index = 6437, .adv_w = 189, .box_w = 10, .box_h = 23, .ofs_x = 1, .ofs_y = 0},
    {.bitmap_index = 6552, .adv_w = 158, .box_w = 11, .box_h = 30, .ofs_x = -3, .ofs_y = -7},
    {.bitmap_index = 6717, .adv_w = 331, .box_w = 19, .box_h = 23, .ofs_x = 2, .ofs_y = 0},
    {.bitmap_index = 6936, .adv_w = 280, .box_w = 15, .box_h = 23, .ofs_x = 2, .ofs_y = 0},
    {.bitmap_index = 7109, .adv_w = 476, .box_w = 25, .box_h = 23, .ofs_x = 2, .ofs_y = 0},
    {.bitmap_index = 7397, .adv_w = 406, .box_w = 21, .box_h = 23, .ofs_x = 2, .ofs_y = 0},
    {.bitmap_index = 7639, .adv_w = 403, .box_w = 23, .box_h = 23, .ofs_x = 1, .ofs_y = 0},
    {.bitmap_index = 7904, .adv_w = 315, .box_w = 17, .box_h = 23, .ofs_x = 2, .ofs_y = 0},
    {.bitmap_index = 8100, .adv_w = 403, .box_w = 23, .box_h = 28, .ofs_x = 1, .ofs_y = -5},
    {.bitmap_index = 8422, .adv_w = 329, .box_w = 19, .box_h = 23, .ofs_x = 2, .ofs_y = 0},
    {.bitmap_index = 8641, .adv_w = 282, .box_w = 16, .box_h = 23, .ofs_x = 1, .ofs_y = 0},
    {.bitmap_index = 8825, .adv_w = 291, .box_w = 18, .box_h = 23, .ofs_x = 0, .ofs_y = 0},
    {.bitmap_index = 9032, .adv_w = 382, .box_w = 20, .box_h = 23, .ofs_x = 2, .ofs_y = 0},
    {.bitmap_index = 9262, .adv_w = 323, .box_w = 21, .box_h = 23, .ofs_x = 0, .ofs_y = 0},
    {.bitmap_index = 9504, .adv_w = 488, .box_w = 31, .box_h = 23, .ofs_x = 0, .ofs_y = 0},
    {.bitmap_index = 9861, .adv_w = 327, .box_w = 21, .box_h = 23, .ofs_x = 0, .ofs_y = 0},
    {.bitmap_index = 10103, .adv_w = 309, .box_w = 20, .box_h = 23, .ofs_x = 0, .ofs_y = 0},
    {.bitmap_index = 10333, .adv_w = 295, .box_w = 18, .box_h = 23, .ofs_x = 0, .ofs_y = 0},
    {.bitmap_index = 10540, .adv_w = 169, .box_w = 8, .box_h = 28, .ofs_x = 2, .ofs_y = -5},
    {.bitmap_index = 10652, .adv_w = 204, .box_w = 13, .box_h = 23, .ofs_x = 0, .ofs_y = 0},
    {.bitmap_index = 10802, .adv_w = 169, .box_w = 9, .box_h = 28, .ofs_x = 0, .ofs_y = -5},
    {.bitmap_index = 10928, .adv_w = 293, .box_w = 18, .box_h = 15, .ofs_x = 0, .ofs_y = 8},
    {.bitmap_index = 11063, .adv_w = 217, .box_w = 15, .box_h = 3, .ofs_x = -1, .ofs_y = -5},
    {.bitmap_index = 11086, .adv_w = 170, .box_w = 9, .box_h = 5, .ofs_x = 1, .ofs_y = 20},
    {.bitmap_index = 11109, .adv_w = 300, .box_w = 16, .box_h = 18, .ofs_x = 1, .ofs_y = 0},
    {.bitmap_index = 11253, .adv_w = 321, .box_w = 17, .box_h = 25, .ofs_x = 2, .ofs_y = 0},
    {.bitmap_index = 11466, .adv_w = 257, .box_w = 15, .box_h = 18, .ofs_x = 1, .ofs_y = 0},
    {.bitmap_index = 11601, .adv_w = 321, .box_w = 17, .box_h = 25, .ofs_x = 1, .ofs_y = 0},
    {.bitmap_index = 11814, .adv_w = 300, .box_w = 17, .box_h = 18, .ofs_x = 1, .ofs_y = 0},
    {.bitmap_index = 11967, .adv_w = 190, .box_w = 14, .box_h = 25, .ofs_x = 0, .ofs_y = 0},
    {.bitmap_index = 12142, .adv_w = 321, .box_w = 17, .box_h = 26, .ofs_x = 1, .ofs_y = -8},
    {.bitmap_index = 12363, .adv_w = 327, .box_w = 17, .box_h = 25, .ofs_x = 2, .ofs_y = 0},
    {.bitmap_index = 12576, .adv_w = 145, .box_w = 5, .box_h = 25, .ofs_x = 2, .ofs_y = 0},
    {.bitmap_index = 12639, .adv_w = 145, .box_w = 9, .box_h = 33, .ofs_x = -2, .ofs_y = -8},
    {.bitmap_index = 12788, .adv_w = 301, .box_w = 17, .box_h = 25, .ofs_x = 2, .ofs_y = 0},
    {.bitmap_index = 13001, .adv_w = 145, .box_w = 5, .box_h = 25, .ofs_x = 2, .ofs_y = 0},
    {.bitmap_index = 13064, .adv_w = 492, .box_w = 27, .box_h = 18, .ofs_x = 2, .ofs_y = 0},
    {.bitmap_index = 13307, .adv_w = 327, .box_w = 17, .box_h = 18, .ofs_x = 2, .ofs_y = 0},
    {.bitmap_index = 13460, .adv_w = 316, .box_w = 18, .box_h = 18, .ofs_x = 1, .ofs_y = 0},
    {.bitmap_index = 13622, .adv_w = 321, .box_w = 17, .box_h = 26, .ofs_x = 2, .ofs_y = -8},
    {.bitmap_index = 13843, .adv_w = 321, .box_w = 17, .box_h = 26, .ofs_x = 1, .ofs_y = -8},
    {.bitmap_index = 14064, .adv_w = 222, .box_w = 12, .box_h = 18, .ofs_x = 2, .ofs_y = 0},
    {.bitmap_index = 14172, .adv_w = 252, .box_w = 14, .box_h = 18, .ofs_x = 1, .ofs_y = 0},
    {.bitmap_index = 14298, .adv_w = 208, .box_w = 13, .box_h = 22, .ofs_x = 0, .ofs_y = 0},
    {.bitmap_index = 14441, .adv_w = 327, .box_w = 16, .box_h = 18, .ofs_x = 2, .ofs_y = 0},
    {.bitmap_index = 14585, .adv_w = 280, .box_w = 18, .box_h = 18, .ofs_x = 0, .ofs_y = 0},
    {.bitmap_index = 14747, .adv_w = 425, .box_w = 27, .box_h = 18, .ofs_x = 0, .ofs_y = 0},
    {.bitmap_index = 14990, .adv_w = 287, .box_w = 18, .box_h = 18, .ofs_x = 0, .ofs_y = 0},
    {.bitmap_index = 15152, .adv_w = 281, .box_w = 18, .box_h = 26, .ofs_x = 0, .ofs_y = -8},
    {.bitmap_index = 15386, .adv_w = 248, .box_w = 14, .box_h = 18, .ofs_x = 1, .ofs_y = 0},
    {.bitmap_index = 15512, .adv_w = 199, .box_w = 12, .box_h = 29, .ofs_x = 0, .ofs_y = -6},
    {.bitmap_index = 15686, .adv_w = 282, .box_w = 4, .box_h = 33, .ofs_x = 7, .ofs_y = -8},
    {.bitmap_index = 15752, .adv_w = 199, .box_w = 11, .box_h = 29, .ofs_x = 1, .ofs_y = -6},
    {.bitmap_index = 15912, .adv_w = 293, .box_w = 16, .box_h = 5, .ofs_x = 1, .ofs_y = 9},
    {.bitmap_index = 15952, .adv_w = 218, .box_w = 12, .box_h = 11, .ofs_x = 1, .ofs_y = 13}
};

/*---------------------
 *  CHARACTER MAPPING
 *--------------------*/



/*Collect the unicode lists and glyph_id offsets*/
static const lv_font_fmt_txt_cmap_t cmaps[] =
{
    {
        .range_start = 32, .range_length = 95, .glyph_id_start = 1,
        .unicode_list = NULL, .glyph_id_ofs_list = NULL, .list_length = 0, .type = LV_FONT_FMT_TXT_CMAP_FORMAT0_TINY
    },
    {
        .range_start = 176, .range_length = 1, .glyph_id_start = 96,
        .unicode_list = NULL, .glyph_id_ofs_list = NULL, .list_length = 0, .type = LV_FONT_FMT_TXT_CMAP_FORMAT0_TINY
    }
};



/*--------------------
 *  ALL CUSTOM DATA
 *--------------------*/

#if LVGL_VERSION_MAJOR == 8
/*Store all the custom data of the font*/
static  lv_font_fmt_txt_glyph_cache_t cache;
#endif

#if LVGL_VERSION_MAJOR >= 8
static const lv_font_fmt_txt_dsc_t font_dsc = {
#else
static lv_font_fmt_txt_dsc_t font_dsc = {
#endif
    .glyph_bitmap = glyph_bitmap,
    .glyph_dsc = glyph_dsc,
    .cmaps = cmaps,
    .kern_dsc = NULL,
    .kern_scale = 0,
    .cmap_num = 2,
    .bpp = 4,
    .kern_classes = 0,
    .bitmap_format = 0,
#if LVGL_VERSION_MAJOR == 8
    .cache = &cache
#endif
};



/*-----------------
 *  PUBLIC FONT
 *----------------*/

/*Initialize a public general font descriptor*/
#if LVGL_VERSION_MAJOR >= 8
const lv_font_t notosans_semibold_32 = {
#else
lv_font_t notosans_semibold_32 = {
#endif
    .get_glyph_dsc = lv_font_get_glyph_dsc_fmt_txt,    /*Function pointer to get glyph's data*/
    .get_glyph_bitmap = lv_font_get_bitmap_fmt_txt,    /*Function pointer to get glyph's bitmap*/
    .line_height = 33,          /*The maximum line height required by the font*/
    .base_line = 8,             /*Baseline measured from the bottom of the line*/
#if !(LVGL_VERSION_MAJOR == 6 && LVGL_VERSION_MINOR == 0)
    .subpx = LV_FONT_SUBPX_NONE,
#endif
#if LV_VERSION_CHECK(7, 4, 0) || LVGL_VERSION_MAJOR >= 8
    .underline_position = -3,
    .underline_thickness = 2,
#endif
    .dsc = &font_dsc,          /*The custom font data. Will be accessed by `get_glyph_bitmap/dsc` */
#if LV_VERSION_CHECK(8, 2, 0) || LVGL_VERSION_MAJOR >= 9
    .fallback = NULL,
#endif
    .user_data = NULL,
};



#endif /*#if NOTOSANS_SEMIBOLD_32*/
